{
  "dataset_revision": "4d8694f8f0e0100860b497b999b3dbed754a0513",
  "mteb_dataset_name": "STS16",
  "mteb_version": "1.10.1",
  "test": {
    "cos_sim": {
      "pearson": 0.5783537750170397,
      "spearman": 0.5909428801556713
    },
    "euclidean": {
      "pearson": 0.4643729305263286,
      "spearman": 0.4745459051514583
    },
    "evaluation_time": 1.73,
    "manhattan": {
      "pearson": 0.4967940944479488,
      "spearman": 0.5029530209340772
    }
  }
}