{
  "dataset_revision": "4d8694f8f0e0100860b497b999b3dbed754a0513",
  "mteb_dataset_name": "STS16",
  "mteb_version": "1.10.1",
  "test": {
    "cos_sim": {
      "pearson": 0.6298181630398059,
      "spearman": 0.657062446337568
    },
    "euclidean": {
      "pearson": 0.4635510238795699,
      "spearman": 0.5023130284015473
    },
    "evaluation_time": 1.53,
    "manhattan": {
      "pearson": 0.46204271220681736,
      "spearman": 0.5012342287320376
    }
  }
}