{
  "dataset_revision": "a0d554a64d88156834ff5ae9920b964011b16384",
  "mteb_dataset_name": "STS12",
  "mteb_version": "1.10.1",
  "test": {
    "cos_sim": {
      "pearson": 0.6441757778165286,
      "spearman": 0.5727950170220418
    },
    "euclidean": {
      "pearson": 0.6095448980036965,
      "spearman": 0.5504850850409035
    },
    "evaluation_time": 4.49,
    "manhattan": {
      "pearson": 0.6196853206956413,
      "spearman": 0.5594968338685531
    }
  }
}