{
  "dataset_revision": "ae752c7c21bf194d8b67fd573edf7ae58183cbe3",
  "mteb_dataset_name": "STS15",
  "mteb_version": "1.10.1",
  "test": {
    "cos_sim": {
      "pearson": 0.6789101088748035,
      "spearman": 0.6982472436248607
    },
    "euclidean": {
      "pearson": 0.574528457271354,
      "spearman": 0.5929156471358044
    },
    "evaluation_time": 2.95,
    "manhattan": {
      "pearson": 0.5747951901855709,
      "spearman": 0.5920479664029774
    }
  }
}