{
  "dataset_revision": "ae752c7c21bf194d8b67fd573edf7ae58183cbe3",
  "mteb_dataset_name": "STS15",
  "mteb_version": "1.10.1",
  "test": {
    "cos_sim": {
      "pearson": 0.7524379669874921,
      "spearman": 0.7698154686224841
    },
    "euclidean": {
      "pearson": 0.5441083324695706,
      "spearman": 0.5666488788163331
    },
    "evaluation_time": 2.73,
    "manhattan": {
      "pearson": 0.5418266409224439,
      "spearman": 0.5638796126140001
    }
  }
}