{
  "dataset_revision": "b0fddb56ed78048fa8b90373c8a3cfc37b684831",
  "mteb_dataset_name": "STSBenchmark",
  "mteb_version": "1.10.1",
  "test": {
    "cos_sim": {
      "pearson": 0.743319157396409,
      "spearman": 0.7160172532170741
    },
    "euclidean": {
      "pearson": 0.48114783793234467,
      "spearman": 0.48889624517701497
    },
    "evaluation_time": 1.32,
    "manhattan": {
      "pearson": 0.48161297158910926,
      "spearman": 0.48686113919546314
    }
  }
}