{
  "dataset_revision": "6031580fec1f6af667f0bd2da0a551cf4f0b2375",
  "mteb_dataset_name": "STS14",
  "mteb_version": "1.10.1",
  "test": {
    "cos_sim": {
      "pearson": 0.6607260209631912,
      "spearman": 0.6364596242592742
    },
    "euclidean": {
      "pearson": 0.5607894960746576,
      "spearman": 0.5706520635324818
    },
    "evaluation_time": 3.55,
    "manhattan": {
      "pearson": 0.5584437207898787,
      "spearman": 0.5693021758518697
    }
  }
}