{
  "dataset_revision": "ae752c7c21bf194d8b67fd573edf7ae58183cbe3",
  "mteb_dataset_name": "STS15",
  "mteb_version": "1.10.1",
  "test": {
    "cos_sim": {
      "pearson": 0.7043925070637428,
      "spearman": 0.7251075751984862
    },
    "euclidean": {
      "pearson": 0.5832886786789885,
      "spearman": 0.600826452108795
    },
    "evaluation_time": 3.82,
    "manhattan": {
      "pearson": 0.5846925082423299,
      "spearman": 0.6021923350375243
    }
  }
}