{
  "dataset_revision": "20a6d6f312dd54037fe07a32d58e5e168867909d",
  "mteb_dataset_name": "SICK-R",
  "mteb_version": "1.10.1",
  "test": {
    "cos_sim": {
      "pearson": 0.6672502220854043,
      "spearman": 0.580067922396471
    },
    "euclidean": {
      "pearson": 0.6333964181240254,
      "spearman": 0.5609340193657274
    },
    "evaluation_time": 7.98,
    "manhattan": {
      "pearson": 0.633653551311158,
      "spearman": 0.5616019046126768
    }
  }
}