{
  "dataset_revision": "6031580fec1f6af667f0bd2da0a551cf4f0b2375",
  "mteb_dataset_name": "STS14",
  "mteb_version": "1.10.1",
  "test": {
    "cos_sim": {
      "pearson": 0.6029295890149268,
      "spearman": 0.6076646731777807
    },
    "euclidean": {
      "pearson": 0.5586759353428626,
      "spearman": 0.5616532299738055
    },
    "evaluation_time": 6.05,
    "manhattan": {
      "pearson": 0.5627386437423735,
      "spearman": 0.5646141958784722
    }
  }
}