{
  "dataset_revision": "b0fddb56ed78048fa8b90373c8a3cfc37b684831",
  "mteb_dataset_name": "STSBenchmark",
  "mteb_version": "1.10.1",
  "test": {
    "cos_sim": {
      "pearson": 0.7046683455319651,
      "spearman": 0.6820196246569405
    },
    "euclidean": {
      "pearson": 0.6015746400768842,
      "spearman": 0.575682088142002
    },
    "evaluation_time": 1.97,
    "manhattan": {
      "pearson": 0.6011268544017746,
      "spearman": 0.5753748917439581
    }
  }
}