{
  "dataset_revision": "20a6d6f312dd54037fe07a32d58e5e168867909d",
  "mteb_dataset_name": "SICK-R",
  "mteb_version": "1.10.1",
  "test": {
    "cos_sim": {
      "pearson": 0.6693961398353593,
      "spearman": 0.5797550489260708
    },
    "euclidean": {
      "pearson": 0.6329341347729848,
      "spearman": 0.559878318776159
    },
    "evaluation_time": 8.21,
    "manhattan": {
      "pearson": 0.6334353229601701,
      "spearman": 0.5606166575276015
    }
  }
}