{
  "dataset_revision": "20a6d6f312dd54037fe07a32d58e5e168867909d",
  "mteb_dataset_name": "SICK-R",
  "mteb_version": "1.10.1",
  "test": {
    "cos_sim": {
      "pearson": 0.7163534662270092,
      "spearman": 0.5952481523739268
    },
    "euclidean": {
      "pearson": 0.6162832678352335,
      "spearman": 0.5499800441088334
    },
    "evaluation_time": 8.29,
    "manhattan": {
      "pearson": 0.6154566388506485,
      "spearman": 0.5495721856386515
    }
  }
}