{
  "dataset_revision": "a0d554a64d88156834ff5ae9920b964011b16384",
  "mteb_dataset_name": "STS12",
  "mteb_version": "1.10.1",
  "test": {
    "cos_sim": {
      "pearson": 0.6863621645446697,
      "spearman": 0.6029329723885956
    },
    "euclidean": {
      "pearson": 0.6268140376635724,
      "spearman": 0.568104500846093
    },
    "evaluation_time": 5.24,
    "manhattan": {
      "pearson": 0.6320794381057359,
      "spearman": 0.5720416471023586
    }
  }
}