{
  "dataset_revision": "20a6d6f312dd54037fe07a32d58e5e168867909d",
  "mteb_dataset_name": "SICK-R",
  "mteb_version": "1.10.1",
  "test": {
    "cos_sim": {
      "pearson": 0.593435338829891,
      "spearman": 0.5456366362493091
    },
    "euclidean": {
      "pearson": 0.55265448876522,
      "spearman": 0.5162687976131504
    },
    "evaluation_time": 11.43,
    "manhattan": {
      "pearson": 0.5853436083556657,
      "spearman": 0.5412242405426175
    }
  }
}