{
  "dataset_revision": "b0fddb56ed78048fa8b90373c8a3cfc37b684831",
  "mteb_dataset_name": "STSBenchmark",
  "mteb_version": "1.10.1",
  "test": {
    "cos_sim": {
      "pearson": 0.6163869063905044,
      "spearman": 0.5939860092959423
    },
    "euclidean": {
      "pearson": 0.5208801018971796,
      "spearman": 0.5110846518017949
    },
    "evaluation_time": 1.3,
    "manhattan": {
      "pearson": 0.5240766898952907,
      "spearman": 0.5138627467667924
    }
  }
}