{
  "dataset_revision": "20a6d6f312dd54037fe07a32d58e5e168867909d",
  "mteb_dataset_name": "SICK-R",
  "mteb_version": "1.10.1",
  "test": {
    "cos_sim": {
      "pearson": 0.6535824222441855,
      "spearman": 0.5635010741720918
    },
    "euclidean": {
      "pearson": 0.6001057842262933,
      "spearman": 0.5451961082048592
    },
    "evaluation_time": 14.08,
    "manhattan": {
      "pearson": 0.600467394933805,
      "spearman": 0.5449936447799364
    }
  }
}