{
  "dataset_revision": "6031580fec1f6af667f0bd2da0a551cf4f0b2375",
  "mteb_dataset_name": "STS14",
  "mteb_version": "1.10.1",
  "test": {
    "cos_sim": {
      "pearson": 0.5198493490141847,
      "spearman": 0.5457050819907447
    },
    "euclidean": {
      "pearson": 0.5268326617856716,
      "spearman": 0.5337994609207078
    },
    "evaluation_time": 5.82,
    "manhattan": {
      "pearson": 0.5543837576997387,
      "spearman": 0.5574144716832518
    }
  }
}