{
  "dataset_revision": "20a6d6f312dd54037fe07a32d58e5e168867909d",
  "mteb_dataset_name": "SICK-R",
  "mteb_version": "1.10.1",
  "test": {
    "cos_sim": {
      "pearson": 0.652037189719136,
      "spearman": 0.5834071549952986
    },
    "euclidean": {
      "pearson": 0.6004652876837635,
      "spearman": 0.5541998300440593
    },
    "evaluation_time": 8.15,
    "manhattan": {
      "pearson": 0.6148404351603214,
      "spearman": 0.5616481561338428
    }
  }
}