{
  "dataset_revision": "a0d554a64d88156834ff5ae9920b964011b16384",
  "mteb_dataset_name": "STS12",
  "mteb_version": "1.10.1",
  "test": {
    "cos_sim": {
      "pearson": 0.7362929707275925,
      "spearman": 0.6005423162549961
    },
    "euclidean": {
      "pearson": 0.5966003390536668,
      "spearman": 0.5472523259876801
    },
    "evaluation_time": 3.08,
    "manhattan": {
      "pearson": 0.5961379621506975,
      "spearman": 0.5476051838405412
    }
  }
}