{
  "dataset_revision": "6031580fec1f6af667f0bd2da0a551cf4f0b2375",
  "mteb_dataset_name": "STS14",
  "mteb_version": "1.10.1",
  "test": {
    "cos_sim": {
      "pearson": 0.6338358755014835,
      "spearman": 0.6172720509356282
    },
    "euclidean": {
      "pearson": 0.5554441004705657,
      "spearman": 0.5632442287220772
    },
    "evaluation_time": 3.53,
    "manhattan": {
      "pearson": 0.5586901466566425,
      "spearman": 0.567297039399845
    }
  }
}