{
  "dataset_revision": "4d8694f8f0e0100860b497b999b3dbed754a0513",
  "mteb_dataset_name": "STS16",
  "mteb_version": "1.10.1",
  "test": {
    "cos_sim": {
      "pearson": 0.5790200281230148,
      "spearman": 0.6104739004144308
    },
    "euclidean": {
      "pearson": 0.4670814362688467,
      "spearman": 0.5041972144120488
    },
    "evaluation_time": 1.19,
    "manhattan": {
      "pearson": 0.46770682216952447,
      "spearman": 0.5074247176645287
    }
  }
}