{
  "dataset_revision": "b0fddb56ed78048fa8b90373c8a3cfc37b684831",
  "mteb_dataset_name": "STSBenchmark",
  "mteb_version": "1.10.1",
  "test": {
    "cos_sim": {
      "pearson": 0.4855347972523625,
      "spearman": 0.4860471379691706
    },
    "euclidean": {
      "pearson": 0.49607967867444985,
      "spearman": 0.4935394784526809
    },
    "evaluation_time": 1.57,
    "manhattan": {
      "pearson": 0.5110618132890472,
      "spearman": 0.5071542141303677
    }
  }
}