{
  "dataset_revision": "20a6d6f312dd54037fe07a32d58e5e168867909d",
  "mteb_dataset_name": "SICK-R",
  "mteb_version": "1.10.1",
  "test": {
    "cos_sim": {
      "pearson": 0.60608462210732,
      "spearman": 0.5661663996833892
    },
    "euclidean": {
      "pearson": 0.5629341924972848,
      "spearman": 0.5279997040597898
    },
    "evaluation_time": 11.51,
    "manhattan": {
      "pearson": 0.6090526781351935,
      "spearman": 0.5670272189781417
    }
  }
}