{
  "dataset_revision": "ae752c7c21bf194d8b67fd573edf7ae58183cbe3",
  "mteb_dataset_name": "STS15",
  "mteb_version": "1.10.1",
  "test": {
    "cos_sim": {
      "pearson": 0.5990774962693604,
      "spearman": 0.621439008602012
    },
    "euclidean": {
      "pearson": 0.5801228276942351,
      "spearman": 0.6083303613018018
    },
    "evaluation_time": 4.36,
    "manhattan": {
      "pearson": 0.6136887173012162,
      "spearman": 0.6401022014148383
    }
  }
}