{
  "dataset_revision": "a0d554a64d88156834ff5ae9920b964011b16384",
  "mteb_dataset_name": "STS12",
  "mteb_version": "1.10.1",
  "test": {
    "cos_sim": {
      "pearson": 0.49049307872066855,
      "spearman": 0.49643211342341304
    },
    "euclidean": {
      "pearson": 0.5248570680147767,
      "spearman": 0.4885709159554011
    },
    "evaluation_time": 4.51,
    "manhattan": {
      "pearson": 0.5660833502354569,
      "spearman": 0.5197021766224739
    }
  }
}