{
  "dataset_revision": "6031580fec1f6af667f0bd2da0a551cf4f0b2375",
  "mteb_dataset_name": "STS14",
  "mteb_version": "1.10.1",
  "test": {
    "cos_sim": {
      "pearson": 0.6227297124330179,
      "spearman": 0.6087455208387738
    },
    "euclidean": {
      "pearson": 0.5322108280054448,
      "spearman": 0.5407099371570523
    },
    "evaluation_time": 3.59,
    "manhattan": {
      "pearson": 0.5363135475755632,
      "spearman": 0.5439160128908009
    }
  }
}