{
  "dataset_revision": "50e79c314a7603ebc92236b66a0973d51a00ed8c",
  "mteb_dataset_name": "JSTS",
  "mteb_version": "1.10.1",
  "validation": {
    "cos_sim": {
      "pearson": 0.5592425188718438,
      "spearman": 0.558050965447022
    },
    "euclidean": {
      "pearson": 0.5491037858054592,
      "spearman": 0.5454310080787498
    },
    "evaluation_time": 0.86,
    "manhattan": {
      "pearson": 0.5851300049417302,
      "spearman": 0.5778077224224794
    }
  }
}