{
  "dataset_revision": "ae752c7c21bf194d8b67fd573edf7ae58183cbe3",
  "mteb_dataset_name": "STS15",
  "mteb_version": "1.10.1",
  "test": {
    "cos_sim": {
      "pearson": 0.6934885993995539,
      "spearman": 0.7008743854688108
    },
    "euclidean": {
      "pearson": 0.5591194936535726,
      "spearman": 0.5701072040427935
    },
    "evaluation_time": 2.75,
    "manhattan": {
      "pearson": 0.5616339226851591,
      "spearman": 0.5724780008785836
    }
  }
}