{
  "dataset_revision": "7e90230a92c190f1bf69ae9002b8cea547a64cca",
  "mteb_dataset_name": "STS13",
  "mteb_version": "1.10.1",
  "test": {
    "cos_sim": {
      "pearson": 0.6050714396301906,
      "spearman": 0.6245397218092257
    },
    "euclidean": {
      "pearson": 0.5264897511582673,
      "spearman": 0.5256263339539698
    },
    "evaluation_time": 1.38,
    "manhattan": {
      "pearson": 0.5205553933384778,
      "spearman": 0.5190766222818355
    }
  }
}