{
  "dataset_revision": "a0d554a64d88156834ff5ae9920b964011b16384",
  "mteb_dataset_name": "STS12",
  "mteb_version": "1.10.1",
  "test": {
    "cos_sim": {
      "pearson": 0.7091720226074154,
      "spearman": 0.5901050766815591
    },
    "euclidean": {
      "pearson": 0.6118013990899195,
      "spearman": 0.553508868404344
    },
    "evaluation_time": 4.14,
    "manhattan": {
      "pearson": 0.6111669726179485,
      "spearman": 0.5537826728963534
    }
  }
}