{
  "dataset_revision": "20a6d6f312dd54037fe07a32d58e5e168867909d",
  "mteb_dataset_name": "SICK-R",
  "mteb_version": "1.10.1",
  "test": {
    "cos_sim": {
      "pearson": 0.7248020166722007,
      "spearman": 0.6033619517012502
    },
    "euclidean": {
      "pearson": 0.641893296936761,
      "spearman": 0.563762953788783
    },
    "evaluation_time": 10.62,
    "manhattan": {
      "pearson": 0.6410303591550098,
      "spearman": 0.5620374474583884
    }
  }
}