{
  "dataset_revision": "a0d554a64d88156834ff5ae9920b964011b16384",
  "mteb_dataset_name": "STS12",
  "mteb_version": "1.10.1",
  "test": {
    "cos_sim": {
      "pearson": 0.7366881132407025,
      "spearman": 0.6526122706662154
    },
    "euclidean": {
      "pearson": 0.5864396395476091,
      "spearman": 0.5778280895909801
    },
    "evaluation_time": 3.85,
    "manhattan": {
      "pearson": 0.5905838950921524,
      "spearman": 0.5828065862036924
    }
  }
}