{
  "dataset_revision": "20a6d6f312dd54037fe07a32d58e5e168867909d",
  "mteb_dataset_name": "SICK-R",
  "mteb_version": "1.10.1",
  "test": {
    "cos_sim": {
      "pearson": 0.7293867138893133,
      "spearman": 0.6156495626809436
    },
    "euclidean": {
      "pearson": 0.6317007511892074,
      "spearman": 0.5594280260925095
    },
    "evaluation_time": 17.91,
    "manhattan": {
      "pearson": 0.6283275055172992,
      "spearman": 0.5556396486149172
    }
  }
}