{
  "dataset_revision": "b0fddb56ed78048fa8b90373c8a3cfc37b684831",
  "mteb_dataset_name": "STSBenchmark",
  "mteb_version": "1.10.1",
  "test": {
    "cos_sim": {
      "pearson": 0.6711735256499811,
      "spearman": 0.6286541132954592
    },
    "euclidean": {
      "pearson": 0.5407006471961813,
      "spearman": 0.5080760261040881
    },
    "evaluation_time": 2.79,
    "manhattan": {
      "pearson": 0.5393707290647491,
      "spearman": 0.5068974558656144
    }
  }
}