{
  "dataset_revision": "20a6d6f312dd54037fe07a32d58e5e168867909d",
  "mteb_dataset_name": "SICK-R",
  "mteb_version": "1.10.1",
  "test": {
    "cos_sim": {
      "pearson": 0.6645258727817932,
      "spearman": 0.6066194212291812
    },
    "euclidean": {
      "pearson": 0.5403974643270101,
      "spearman": 0.5032087194016659
    },
    "evaluation_time": 8.03,
    "manhattan": {
      "pearson": 0.5393959145354082,
      "spearman": 0.5000289234178733
    }
  }
}