{"model_name": "GoogleNews-vectors-negative300", "whitening_name": "abtp", "pooling_mode": "component_removal", "sym1": 0.7189586758613586, "sym2": 0.9003025889396667, "sym1_uniform": 0.9999992251396179, "sym2_uniform": 0.9621970057487488, "cosine": 0.999248402309604, "iso_score": 0.6250579485147817}