{
  "dataset_revision": "b0fddb56ed78048fa8b90373c8a3cfc37b684831",
  "mteb_dataset_name": "STSBenchmark",
  "mteb_version": "1.10.1",
  "test": {
    "cos_sim": {
      "pearson": 0.6425492890039788,
      "spearman": 0.6269959585470181
    },
    "euclidean": {
      "pearson": 0.52956019070698,
      "spearman": 0.5180415546828174
    },
    "evaluation_time": 1.88,
    "manhattan": {
      "pearson": 0.5383690622620739,
      "spearman": 0.5271259177202704
    }
  }
}