{
  "dataset_revision": "7e90230a92c190f1bf69ae9002b8cea547a64cca",
  "mteb_dataset_name": "STS13",
  "mteb_version": "1.10.1",
  "test": {
    "cos_sim": {
      "pearson": 0.6683892586960744,
      "spearman": 0.6897330669656585
    },
    "euclidean": {
      "pearson": 0.5411709651317458,
      "spearman": 0.5394903540561886
    },
    "evaluation_time": 1.38,
    "manhattan": {
      "pearson": 0.5330915891016427,
      "spearman": 0.531060656871643
    }
  }
}