{
  "dataset_revision": "20a6d6f312dd54037fe07a32d58e5e168867909d",
  "mteb_dataset_name": "SICK-R",
  "mteb_version": "1.10.1",
  "test": {
    "cos_sim": {
      "pearson": 0.7295438335266164,
      "spearman": 0.6252238361628325
    },
    "euclidean": {
      "pearson": 0.6282546507599062,
      "spearman": 0.5578684537748843
    },
    "evaluation_time": 8.32,
    "manhattan": {
      "pearson": 0.6290848967026876,
      "spearman": 0.5582209910971561
    }
  }
}