{
  "dataset_revision": "20a6d6f312dd54037fe07a32d58e5e168867909d",
  "mteb_dataset_name": "SICK-R",
  "mteb_version": "1.10.1",
  "test": {
    "cos_sim": {
      "pearson": 0.7328875905859719,
      "spearman": 0.6133656331342137
    },
    "euclidean": {
      "pearson": 0.6267674311601165,
      "spearman": 0.5506769931139444
    },
    "evaluation_time": 11.43,
    "manhattan": {
      "pearson": 0.62733352746002,
      "spearman": 0.551212437901059
    }
  }
}