{
  "dataset_revision": "ae752c7c21bf194d8b67fd573edf7ae58183cbe3",
  "mteb_dataset_name": "STS15",
  "mteb_version": "1.10.1",
  "test": {
    "cos_sim": {
      "pearson": 0.5994035579579114,
      "spearman": 0.6799348977006441
    },
    "euclidean": {
      "pearson": 0.6085141563001241,
      "spearman": 0.6325261170848736
    },
    "evaluation_time": 5.12,
    "manhattan": {
      "pearson": 0.6121696843675444,
      "spearman": 0.6350424651742699
    }
  }
}