{
  "dataset_revision": "20a6d6f312dd54037fe07a32d58e5e168867909d",
  "mteb_dataset_name": "SICK-R",
  "mteb_version": "1.10.1",
  "test": {
    "cos_sim": {
      "pearson": 0.5921482650638421,
      "spearman": 0.5479849187036591
    },
    "euclidean": {
      "pearson": 0.5453887700417087,
      "spearman": 0.5114983369179091
    },
    "evaluation_time": 12.49,
    "manhattan": {
      "pearson": 0.5496552584193969,
      "spearman": 0.5145987066625161
    }
  }
}