{
  "dataset_revision": "6031580fec1f6af667f0bd2da0a551cf4f0b2375",
  "mteb_dataset_name": "STS14",
  "mteb_version": "1.10.1",
  "test": {
    "cos_sim": {
      "pearson": 0.6315479870362735,
      "spearman": 0.6158587567592235
    },
    "euclidean": {
      "pearson": 0.5329798554409488,
      "spearman": 0.5380033994799354
    },
    "evaluation_time": 3.61,
    "manhattan": {
      "pearson": 0.5382704229802122,
      "spearman": 0.5422942334744127
    }
  }
}