{
  "dataset_revision": "b0fddb56ed78048fa8b90373c8a3cfc37b684831",
  "mteb_dataset_name": "STSBenchmark",
  "mteb_version": "1.10.1",
  "test": {
    "cos_sim": {
      "pearson": 0.6687308951706534,
      "spearman": 0.6324731368977268
    },
    "euclidean": {
      "pearson": 0.5569779923229936,
      "spearman": 0.5277188454284429
    },
    "evaluation_time": 1.39,
    "manhattan": {
      "pearson": 0.5574085626161045,
      "spearman": 0.5281602479742064
    }
  }
}