{
  "dataset_revision": "ae752c7c21bf194d8b67fd573edf7ae58183cbe3",
  "mteb_dataset_name": "STS15",
  "mteb_version": "1.10.1",
  "test": {
    "cos_sim": {
      "pearson": 0.7019999951850845,
      "spearman": 0.7059266105834304
    },
    "euclidean": {
      "pearson": 0.5816498825940755,
      "spearman": 0.5903724625938237
    },
    "evaluation_time": 6.82,
    "manhattan": {
      "pearson": 0.5935591550051063,
      "spearman": 0.6030373724707596
    }
  }
}