{
  "dataset_revision": "6031580fec1f6af667f0bd2da0a551cf4f0b2375",
  "mteb_dataset_name": "STS14",
  "mteb_version": "1.10.1",
  "test": {
    "cos_sim": {
      "pearson": 0.7100871605753022,
      "spearman": 0.6704203564241981
    },
    "euclidean": {
      "pearson": 0.5267378102185976,
      "spearman": 0.5436995022387136
    },
    "evaluation_time": 3.61,
    "manhattan": {
      "pearson": 0.5268369712805177,
      "spearman": 0.5425481140285584
    }
  }
}