{
  "dataset_revision": "20a6d6f312dd54037fe07a32d58e5e168867909d",
  "mteb_dataset_name": "SICK-R",
  "mteb_version": "1.10.1",
  "test": {
    "cos_sim": {
      "pearson": 0.6765287196325619,
      "spearman": 0.6051662050981952
    },
    "euclidean": {
      "pearson": 0.5778466901359484,
      "spearman": 0.5341429654435876
    },
    "evaluation_time": 11.44,
    "manhattan": {
      "pearson": 0.5772646111914885,
      "spearman": 0.5343413627406299
    }
  }
}