{
  "dataset_revision": "b0fddb56ed78048fa8b90373c8a3cfc37b684831",
  "mteb_dataset_name": "STSBenchmark",
  "mteb_version": "1.10.1",
  "test": {
    "cos_sim": {
      "pearson": 0.5579689002004522,
      "spearman": 0.5487217685757777
    },
    "euclidean": {
      "pearson": 0.5001563139907755,
      "spearman": 0.4947788735082687
    },
    "evaluation_time": 1.62,
    "manhattan": {
      "pearson": 0.5190616640068652,
      "spearman": 0.5135183439806235
    }
  }
}