{
  "dataset_revision": "7e90230a92c190f1bf69ae9002b8cea547a64cca",
  "mteb_dataset_name": "STS13",
  "mteb_version": "1.10.1",
  "test": {
    "cos_sim": {
      "pearson": 0.658426795499182,
      "spearman": 0.6690993210251756
    },
    "euclidean": {
      "pearson": 0.5478051632565787,
      "spearman": 0.5566453448627129
    },
    "evaluation_time": 1.99,
    "manhattan": {
      "pearson": 0.5468440080572725,
      "spearman": 0.5555930596260812
    }
  }
}