{
  "dataset_revision": "7e90230a92c190f1bf69ae9002b8cea547a64cca",
  "mteb_dataset_name": "STS13",
  "mteb_version": "1.10.1",
  "test": {
    "cos_sim": {
      "pearson": 0.6301809646381594,
      "spearman": 0.6499836896772584
    },
    "euclidean": {
      "pearson": 0.5187755953226103,
      "spearman": 0.5145951745837746
    },
    "evaluation_time": 1.75,
    "manhattan": {
      "pearson": 0.5184262704508181,
      "spearman": 0.5136838931213668
    }
  }
}