{
  "dataset_revision": "ae752c7c21bf194d8b67fd573edf7ae58183cbe3",
  "mteb_dataset_name": "STS15",
  "mteb_version": "1.10.1",
  "test": {
    "cos_sim": {
      "pearson": 0.7293571730786694,
      "spearman": 0.7390996013559157
    },
    "euclidean": {
      "pearson": 0.56498889564598,
      "spearman": 0.5853795056479985
    },
    "evaluation_time": 2.76,
    "manhattan": {
      "pearson": 0.5668947427218078,
      "spearman": 0.5869081540496996
    }
  }
}