{
  "dataset_revision": "b0fddb56ed78048fa8b90373c8a3cfc37b684831",
  "mteb_dataset_name": "STSBenchmark",
  "mteb_version": "1.10.1",
  "test": {
    "cos_sim": {
      "pearson": 0.4923718662785348,
      "spearman": 0.4716144576151533
    },
    "euclidean": {
      "pearson": 0.5063604562677739,
      "spearman": 0.5018352804797851
    },
    "evaluation_time": 1.99,
    "manhattan": {
      "pearson": 0.5489488742434397,
      "spearman": 0.5362847897751573
    }
  }
}