{
  "dataset_revision": "4d8694f8f0e0100860b497b999b3dbed754a0513",
  "mteb_dataset_name": "STS16",
  "mteb_version": "1.10.1",
  "test": {
    "cos_sim": {
      "pearson": 0.37910714482962915,
      "spearman": 0.49028957456257943
    },
    "euclidean": {
      "pearson": 0.4727249450273214,
      "spearman": 0.49549590283073014
    },
    "evaluation_time": 1.2,
    "manhattan": {
      "pearson": 0.4797112959852596,
      "spearman": 0.499612452872112
    }
  }
}