{
  "dataset_revision": "6031580fec1f6af667f0bd2da0a551cf4f0b2375",
  "mteb_dataset_name": "STS14",
  "mteb_version": "1.10.1",
  "test": {
    "cos_sim": {
      "pearson": 0.7501371222443382,
      "spearman": 0.7103075115521752
    },
    "euclidean": {
      "pearson": 0.5221938336815143,
      "spearman": 0.5287823093066482
    },
    "evaluation_time": 3.49,
    "manhattan": {
      "pearson": 0.5225258467113558,
      "spearman": 0.5282526016484362
    }
  }
}