{
  "dataset_revision": "4d8694f8f0e0100860b497b999b3dbed754a0513",
  "mteb_dataset_name": "STS16",
  "mteb_version": "1.10.1",
  "test": {
    "cos_sim": {
      "pearson": 0.4527093005297833,
      "spearman": 0.5153707861083988
    },
    "euclidean": {
      "pearson": 0.4640690911352084,
      "spearman": 0.4686411358778416
    },
    "evaluation_time": 1.83,
    "manhattan": {
      "pearson": 0.4971035188520696,
      "spearman": 0.4969974549693007
    }
  }
}