{
  "dataset_revision": "20a6d6f312dd54037fe07a32d58e5e168867909d",
  "mteb_dataset_name": "SICK-R",
  "mteb_version": "1.10.1",
  "test": {
    "cos_sim": {
      "pearson": 0.6454051586735486,
      "spearman": 0.5858038487489053
    },
    "euclidean": {
      "pearson": 0.6049810351513562,
      "spearman": 0.5575401336710653
    },
    "evaluation_time": 10.54,
    "manhattan": {
      "pearson": 0.629592950644008,
      "spearman": 0.5789667867473999
    }
  }
}