{
  "dataset_revision": "20a6d6f312dd54037fe07a32d58e5e168867909d",
  "mteb_dataset_name": "SICK-R",
  "mteb_version": "1.10.1",
  "test": {
    "cos_sim": {
      "pearson": 0.7369655732479836,
      "spearman": 0.628455421208778
    },
    "euclidean": {
      "pearson": 0.6441943112600539,
      "spearman": 0.5716203343482723
    },
    "evaluation_time": 8.11,
    "manhattan": {
      "pearson": 0.6451571023541994,
      "spearman": 0.574082302041429
    }
  }
}