{
  "dataset_revision": "20a6d6f312dd54037fe07a32d58e5e168867909d",
  "mteb_dataset_name": "SICK-R",
  "mteb_version": "1.10.1",
  "test": {
    "cos_sim": {
      "pearson": 0.7005937835755717,
      "spearman": 0.5999126464617163
    },
    "euclidean": {
      "pearson": 0.6340389944686766,
      "spearman": 0.569262221069973
    },
    "evaluation_time": 9.53,
    "manhattan": {
      "pearson": 0.6411221452115625,
      "spearman": 0.5732054379150741
    }
  }
}