{
  "dataset_revision": "20a6d6f312dd54037fe07a32d58e5e168867909d",
  "mteb_dataset_name": "SICK-R",
  "mteb_version": "1.10.1",
  "test": {
    "cos_sim": {
      "pearson": 0.6961333909423167,
      "spearman": 0.5751666872781904
    },
    "euclidean": {
      "pearson": 0.6384648408618698,
      "spearman": 0.5492520791178238
    },
    "evaluation_time": 10.9,
    "manhattan": {
      "pearson": 0.6390996695670886,
      "spearman": 0.5495353438175594
    }
  }
}