{
  "dataset_revision": "6031580fec1f6af667f0bd2da0a551cf4f0b2375",
  "mteb_dataset_name": "STS14",
  "mteb_version": "1.10.1",
  "test": {
    "cos_sim": {
      "pearson": 0.47437399629556326,
      "spearman": 0.5113103326002937
    },
    "euclidean": {
      "pearson": 0.5322108273243932,
      "spearman": 0.5407096508064022
    },
    "evaluation_time": 3.57,
    "manhattan": {
      "pearson": 0.5363135504143934,
      "spearman": 0.5439160128908009
    }
  }
}