{
  "dataset_revision": "6031580fec1f6af667f0bd2da0a551cf4f0b2375",
  "mteb_dataset_name": "STS14",
  "mteb_version": "1.10.1",
  "test": {
    "cos_sim": {
      "pearson": 0.6954380297099753,
      "spearman": 0.6676556074689239
    },
    "euclidean": {
      "pearson": 0.5341454621065984,
      "spearman": 0.5403937732092751
    },
    "evaluation_time": 4.54,
    "manhattan": {
      "pearson": 0.5310537873681417,
      "spearman": 0.5380392640178523
    }
  }
}