{
  "dataset_revision": "7e90230a92c190f1bf69ae9002b8cea547a64cca",
  "mteb_dataset_name": "STS13",
  "mteb_version": "1.10.1",
  "test": {
    "cos_sim": {
      "pearson": 0.6730900539299293,
      "spearman": 0.6864324692302516
    },
    "euclidean": {
      "pearson": 0.5629771940862572,
      "spearman": 0.5781964674497219
    },
    "evaluation_time": 1.37,
    "manhattan": {
      "pearson": 0.5601850601933512,
      "spearman": 0.5747324856351992
    }
  }
}