{
  "dataset_revision": "ae752c7c21bf194d8b67fd573edf7ae58183cbe3",
  "mteb_dataset_name": "STS15",
  "mteb_version": "1.10.1",
  "test": {
    "cos_sim": {
      "pearson": 0.6730832971889608,
      "spearman": 0.6953066527435985
    },
    "euclidean": {
      "pearson": 0.577076474438798,
      "spearman": 0.5935336821340007
    },
    "evaluation_time": 4.25,
    "manhattan": {
      "pearson": 0.5759015794898589,
      "spearman": 0.5911184085126467
    }
  }
}