{
  "dataset_revision": "20a6d6f312dd54037fe07a32d58e5e168867909d",
  "mteb_dataset_name": "SICK-R",
  "mteb_version": "1.10.1",
  "test": {
    "cos_sim": {
      "pearson": 0.7012023431688456,
      "spearman": 0.6033506319484169
    },
    "euclidean": {
      "pearson": 0.6339853267514931,
      "spearman": 0.5695116587817111
    },
    "evaluation_time": 8.11,
    "manhattan": {
      "pearson": 0.6410410027218871,
      "spearman": 0.5733980310221481
    }
  }
}