{
  "dataset_revision": "ae752c7c21bf194d8b67fd573edf7ae58183cbe3",
  "mteb_dataset_name": "STS15",
  "mteb_version": "1.10.1",
  "test": {
    "cos_sim": {
      "pearson": 0.7531502124953166,
      "spearman": 0.7592435761113207
    },
    "euclidean": {
      "pearson": 0.5797311194629363,
      "spearman": 0.5978127923307541
    },
    "evaluation_time": 3.79,
    "manhattan": {
      "pearson": 0.583828527064532,
      "spearman": 0.6015440518294325
    }
  }
}