{
  "dataset_revision": "6031580fec1f6af667f0bd2da0a551cf4f0b2375",
  "mteb_dataset_name": "STS14",
  "mteb_version": "1.10.1",
  "test": {
    "cos_sim": {
      "pearson": 0.6809736017337423,
      "spearman": 0.6545623275488571
    },
    "euclidean": {
      "pearson": 0.5591223845903958,
      "spearman": 0.5711979908256332
    },
    "evaluation_time": 3.67,
    "manhattan": {
      "pearson": 0.5587269162043424,
      "spearman": 0.5702610029057573
    }
  }
}