{
  "dataset_revision": "4d8694f8f0e0100860b497b999b3dbed754a0513",
  "mteb_dataset_name": "STS16",
  "mteb_version": "1.10.1",
  "test": {
    "cos_sim": {
      "pearson": 0.6388729867843157,
      "spearman": 0.6570754784466674
    },
    "euclidean": {
      "pearson": 0.47396932243666134,
      "spearman": 0.51517707150642
    },
    "evaluation_time": 1.19,
    "manhattan": {
      "pearson": 0.4725420318513844,
      "spearman": 0.5132754607128627
    }
  }
}