{
  "dataset_revision": "6031580fec1f6af667f0bd2da0a551cf4f0b2375",
  "mteb_dataset_name": "STS14",
  "mteb_version": "1.10.1",
  "test": {
    "cos_sim": {
      "pearson": 0.7331046849622999,
      "spearman": 0.6947548864064138
    },
    "euclidean": {
      "pearson": 0.5302734966797873,
      "spearman": 0.5428023067848389
    },
    "evaluation_time": 5.29,
    "manhattan": {
      "pearson": 0.5309105438464374,
      "spearman": 0.542892772517255
    }
  }
}