{
  "dataset_revision": "b0fddb56ed78048fa8b90373c8a3cfc37b684831",
  "mteb_dataset_name": "STSBenchmark",
  "mteb_version": "1.10.1",
  "test": {
    "cos_sim": {
      "pearson": 0.6449867768243783,
      "spearman": 0.6084539632930949
    },
    "euclidean": {
      "pearson": 0.5431017010054655,
      "spearman": 0.5160673708672348
    },
    "evaluation_time": 1.34,
    "manhattan": {
      "pearson": 0.5414454371806544,
      "spearman": 0.5142728953785162
    }
  }
}