{
  "dataset_revision": "ae752c7c21bf194d8b67fd573edf7ae58183cbe3",
  "mteb_dataset_name": "STS15",
  "mteb_version": "1.10.1",
  "test": {
    "cos_sim": {
      "pearson": 0.5847472953197549,
      "spearman": 0.6084472944321659
    },
    "euclidean": {
      "pearson": 0.5719410724699246,
      "spearman": 0.5988443869914677
    },
    "evaluation_time": 4.13,
    "manhattan": {
      "pearson": 0.6062412977732261,
      "spearman": 0.632719968260736
    }
  }
}