{
  "dataset_revision": "7e90230a92c190f1bf69ae9002b8cea547a64cca",
  "mteb_dataset_name": "STS13",
  "mteb_version": "1.10.1",
  "test": {
    "cos_sim": {
      "pearson": 0.5850735516575336,
      "spearman": 0.6117061002922446
    },
    "euclidean": {
      "pearson": 0.5406049540338019,
      "spearman": 0.5414630831130598
    },
    "evaluation_time": 1.4,
    "manhattan": {
      "pearson": 0.5407448307301362,
      "spearman": 0.5423874174215938
    }
  }
}