{
  "dataset_revision": "20a6d6f312dd54037fe07a32d58e5e168867909d",
  "mteb_dataset_name": "SICK-R",
  "mteb_version": "1.10.1",
  "test": {
    "cos_sim": {
      "pearson": 0.7252767982025095,
      "spearman": 0.629234030111546
    },
    "euclidean": {
      "pearson": 0.6396101964411769,
      "spearman": 0.568548808251028
    },
    "evaluation_time": 8.16,
    "manhattan": {
      "pearson": 0.6395017505152616,
      "spearman": 0.5685097690659695
    }
  }
}