{
  "dataset_revision": "b0fddb56ed78048fa8b90373c8a3cfc37b684831",
  "mteb_dataset_name": "STSBenchmark",
  "mteb_version": "1.10.1",
  "test": {
    "cos_sim": {
      "pearson": 0.6741034287397388,
      "spearman": 0.6530738850335192
    },
    "euclidean": {
      "pearson": 0.537462472871011,
      "spearman": 0.5227319870268201
    },
    "evaluation_time": 2.69,
    "manhattan": {
      "pearson": 0.5359152072108418,
      "spearman": 0.5208604839417753
    }
  }
}