{
  "dataset_revision": "20a6d6f312dd54037fe07a32d58e5e168867909d",
  "mteb_dataset_name": "SICK-R",
  "mteb_version": "1.10.1",
  "test": {
    "cos_sim": {
      "pearson": 0.7369655716985251,
      "spearman": 0.6284554207991179
    },
    "euclidean": {
      "pearson": 0.6441943902070765,
      "spearman": 0.5716209393211148
    },
    "evaluation_time": 8.2,
    "manhattan": {
      "pearson": 0.6451525653921065,
      "spearman": 0.5740826080212789
    }
  }
}