{
  "dataset_revision": "20a6d6f312dd54037fe07a32d58e5e168867909d",
  "mteb_dataset_name": "SICK-R",
  "mteb_version": "1.10.1",
  "test": {
    "cos_sim": {
      "pearson": 0.6857106055385094,
      "spearman": 0.6091743473875684
    },
    "euclidean": {
      "pearson": 0.6205329800070559,
      "spearman": 0.5668748866363035
    },
    "evaluation_time": 23.31,
    "manhattan": {
      "pearson": 0.6362173584852826,
      "spearman": 0.5821573301461814
    }
  }
}