{
  "dataset_revision": "7e90230a92c190f1bf69ae9002b8cea547a64cca",
  "mteb_dataset_name": "STS13",
  "mteb_version": "1.10.1",
  "test": {
    "cos_sim": {
      "pearson": 0.46692090333774067,
      "spearman": 0.5040602895650577
    },
    "euclidean": {
      "pearson": 0.5350437052196846,
      "spearman": 0.5354903611798374
    },
    "evaluation_time": 1.44,
    "manhattan": {
      "pearson": 0.5345133150879307,
      "spearman": 0.5356375143411625
    }
  }
}