{
  "dataset_revision": "20a6d6f312dd54037fe07a32d58e5e168867909d",
  "mteb_dataset_name": "SICK-R",
  "mteb_version": "1.10.1",
  "test": {
    "cos_sim": {
      "pearson": 0.5835514847301083,
      "spearman": 0.5360354259574615
    },
    "euclidean": {
      "pearson": 0.5526544901160106,
      "spearman": 0.5162681403311926
    },
    "evaluation_time": 11.6,
    "manhattan": {
      "pearson": 0.5853436104265708,
      "spearman": 0.5412232861116116
    }
  }
}