{
  "dataset_revision": "20a6d6f312dd54037fe07a32d58e5e168867909d",
  "mteb_dataset_name": "SICK-R",
  "mteb_version": "1.10.1",
  "test": {
    "cos_sim": {
      "pearson": 0.6645943846469494,
      "spearman": 0.5701158861301076
    },
    "euclidean": {
      "pearson": 0.6333964174789158,
      "spearman": 0.5609338884789012
    },
    "evaluation_time": 9.25,
    "manhattan": {
      "pearson": 0.6336535514927519,
      "spearman": 0.5616018176298545
    }
  }
}