{
  "dataset_revision": "b0fddb56ed78048fa8b90373c8a3cfc37b684831",
  "mteb_dataset_name": "STSBenchmark",
  "mteb_version": "1.10.1",
  "test": {
    "cos_sim": {
      "pearson": 0.7320086623287304,
      "spearman": 0.7099267401386109
    },
    "euclidean": {
      "pearson": 0.6010061475311194,
      "spearman": 0.5791200626401664
    },
    "evaluation_time": 1.99,
    "manhattan": {
      "pearson": 0.6022721015999744,
      "spearman": 0.5792822652491468
    }
  }
}