{
  "dataset_revision": "a0d554a64d88156834ff5ae9920b964011b16384",
  "mteb_dataset_name": "STS12",
  "mteb_version": "1.10.1",
  "test": {
    "cos_sim": {
      "pearson": 0.561510792069524,
      "spearman": 0.5266647454698684
    },
    "euclidean": {
      "pearson": 0.5662899402743995,
      "spearman": 0.5459113200231248
    },
    "evaluation_time": 3.12,
    "manhattan": {
      "pearson": 0.5660368054039789,
      "spearman": 0.5456435617741529
    }
  }
}