{
  "dataset_revision": "a0d554a64d88156834ff5ae9920b964011b16384",
  "mteb_dataset_name": "STS12",
  "mteb_version": "1.10.1",
  "test": {
    "cos_sim": {
      "pearson": 0.6325864809399698,
      "spearman": 0.5834994901286872
    },
    "euclidean": {
      "pearson": 0.5470653570214444,
      "spearman": 0.5412878218452911
    },
    "evaluation_time": 2.98,
    "manhattan": {
      "pearson": 0.5608092295603776,
      "spearman": 0.5572058426172802
    }
  }
}