{
  "dataset_revision": "a0d554a64d88156834ff5ae9920b964011b16384",
  "mteb_dataset_name": "STS12",
  "mteb_version": "1.10.1",
  "test": {
    "cos_sim": {
      "pearson": 0.6567821371059125,
      "spearman": 0.5776283490077334
    },
    "euclidean": {
      "pearson": 0.594568185648487,
      "spearman": 0.5739415834768765
    },
    "evaluation_time": 3.07,
    "manhattan": {
      "pearson": 0.5928389146257982,
      "spearman": 0.5744982836457213
    }
  }
}