{
  "dataset_revision": "6031580fec1f6af667f0bd2da0a551cf4f0b2375",
  "mteb_dataset_name": "STS14",
  "mteb_version": "1.10.1",
  "test": {
    "cos_sim": {
      "pearson": 0.6040615232758271,
      "spearman": 0.6076448716668513
    },
    "euclidean": {
      "pearson": 0.5536671851140149,
      "spearman": 0.5562891998805948
    },
    "evaluation_time": 5.94,
    "manhattan": {
      "pearson": 0.5572863671853162,
      "spearman": 0.5591231658072936
    }
  }
}