{"model_name": "GoogleNews-vectors-negative300-torch", "whitening_name": "zipfian_whitening", "pooling_mode": "whitening", "sym1": 0.9999998807907104, "sym2": 1.0000001192092896, "sym1_uniform": 0.898171603679657, "sym2_uniform": 0.9744014739990234, "cosine": 0.9867526050657034, "iso_score": 0.7698575228228859}