{
  "dataset_revision": "ae752c7c21bf194d8b67fd573edf7ae58183cbe3",
  "mteb_dataset_name": "STS15",
  "mteb_version": "1.10.1",
  "test": {
    "cos_sim": {
      "pearson": 0.6726649694907538,
      "spearman": 0.679647433172386
    },
    "euclidean": {
      "pearson": 0.5686058616921587,
      "spearman": 0.5928153072226461
    },
    "evaluation_time": 5.27,
    "manhattan": {
      "pearson": 0.6081225980488816,
      "spearman": 0.6340617576083009
    }
  }
}