{
  "dataset_revision": "20a6d6f312dd54037fe07a32d58e5e168867909d",
  "mteb_dataset_name": "SICK-R",
  "mteb_version": "1.10.1",
  "test": {
    "cos_sim": {
      "pearson": 0.7051004580423877,
      "spearman": 0.6021789708121668
    },
    "euclidean": {
      "pearson": 0.6367580590042402,
      "spearman": 0.5705193734596127
    },
    "evaluation_time": 8.19,
    "manhattan": {
      "pearson": 0.6434942138858235,
      "spearman": 0.5741558956748672
    }
  }
}