{
  "dataset_revision": "ae752c7c21bf194d8b67fd573edf7ae58183cbe3",
  "mteb_dataset_name": "STS15",
  "mteb_version": "1.10.1",
  "test": {
    "cos_sim": {
      "pearson": 0.7352395005001527,
      "spearman": 0.7436111689805963
    },
    "euclidean": {
      "pearson": 0.5832886792529319,
      "spearman": 0.6008258721616009
    },
    "evaluation_time": 2.82,
    "manhattan": {
      "pearson": 0.5846925116489684,
      "spearman": 0.6021916898708337
    }
  }
}