{"model_name": "GoogleNews-vectors-negative300-torch", "whitening_name": "abtp", "pooling_mode": "component_removal", "sym1": 0.7189586758613586, "sym2": 0.9003005027770996, "sym1_uniform": 0.9999992251396179, "sym2_uniform": 0.9621970057487488, "cosine": 0.999248402484227, "iso_score": 0.6250576792805114}