{
  "dataset_revision": "ae752c7c21bf194d8b67fd573edf7ae58183cbe3",
  "mteb_dataset_name": "STS15",
  "mteb_version": "1.10.1",
  "test": {
    "cos_sim": {
      "pearson": 0.46538895630155286,
      "spearman": 0.5603275165321371
    },
    "euclidean": {
      "pearson": 0.5745284571691803,
      "spearman": 0.5929156061104892
    },
    "evaluation_time": 2.92,
    "manhattan": {
      "pearson": 0.574795189410295,
      "spearman": 0.5920479661398449
    }
  }
}