{
  "dataset_revision": "ae752c7c21bf194d8b67fd573edf7ae58183cbe3",
  "mteb_dataset_name": "STS15",
  "mteb_version": "1.10.1",
  "test": {
    "cos_sim": {
      "pearson": 0.6840554512670084,
      "spearman": 0.7019310362479767
    },
    "euclidean": {
      "pearson": 0.585704111927256,
      "spearman": 0.6032932432850728
    },
    "evaluation_time": 2.79,
    "manhattan": {
      "pearson": 0.5879757217475531,
      "spearman": 0.6046696974558906
    }
  }
}