{
  "dataset_revision": "20a6d6f312dd54037fe07a32d58e5e168867909d",
  "mteb_dataset_name": "SICK-R",
  "mteb_version": "1.10.1",
  "test": {
    "cos_sim": {
      "pearson": 0.7207718848312019,
      "spearman": 0.613887687266628
    },
    "euclidean": {
      "pearson": 0.638333850766302,
      "spearman": 0.5680578683100007
    },
    "evaluation_time": 8.21,
    "manhattan": {
      "pearson": 0.6382027635184706,
      "spearman": 0.5680377317503942
    }
  }
}