{
  "dataset_revision": "7e90230a92c190f1bf69ae9002b8cea547a64cca",
  "mteb_dataset_name": "STS13",
  "mteb_version": "1.10.1",
  "test": {
    "cos_sim": {
      "pearson": 0.7939141631705173,
      "spearman": 0.7934923413560363
    },
    "euclidean": {
      "pearson": 0.5210311591893761,
      "spearman": 0.5196045191841961
    },
    "evaluation_time": 1.37,
    "manhattan": {
      "pearson": 0.5211945329917476,
      "spearman": 0.519092140763298
    }
  }
}