{
  "dataset_revision": "a0d554a64d88156834ff5ae9920b964011b16384",
  "mteb_dataset_name": "STS12",
  "mteb_version": "1.10.1",
  "test": {
    "cos_sim": {
      "pearson": 0.5697426029343614,
      "spearman": 0.5451541713223349
    },
    "euclidean": {
      "pearson": 0.5594825472357461,
      "spearman": 0.5486926765586628
    },
    "evaluation_time": 3.21,
    "manhattan": {
      "pearson": 0.5632654526052996,
      "spearman": 0.5485762158134605
    }
  }
}