{
  "dataset_revision": "20a6d6f312dd54037fe07a32d58e5e168867909d",
  "mteb_dataset_name": "SICK-R",
  "mteb_version": "1.10.1",
  "test": {
    "cos_sim": {
      "pearson": 0.7308538853616915,
      "spearman": 0.6180416175044426
    },
    "euclidean": {
      "pearson": 0.6454769260650262,
      "spearman": 0.5683855481610405
    },
    "evaluation_time": 8.13,
    "manhattan": {
      "pearson": 0.6447929492560601,
      "spearman": 0.5691679404545595
    }
  }
}