{
  "dataset_revision": "20a6d6f312dd54037fe07a32d58e5e168867909d",
  "mteb_dataset_name": "SICK-R",
  "mteb_version": "1.10.1",
  "test": {
    "cos_sim": {
      "pearson": 0.6555287098632618,
      "spearman": 0.6011195828491762
    },
    "euclidean": {
      "pearson": 0.5225477655855093,
      "spearman": 0.49339524969100573
    },
    "evaluation_time": 7.97,
    "manhattan": {
      "pearson": 0.5261577194436198,
      "spearman": 0.493347749519472
    }
  }
}