{
  "dataset_revision": "50e79c314a7603ebc92236b66a0973d51a00ed8c",
  "mteb_dataset_name": "JSTS",
  "mteb_version": "1.10.1",
  "validation": {
    "cos_sim": {
      "pearson": 0.6781601242066813,
      "spearman": 0.6555876778653744
    },
    "euclidean": {
      "pearson": 0.5972600301755943,
      "spearman": 0.5891932268335281
    },
    "evaluation_time": 0.61,
    "manhattan": {
      "pearson": 0.5941893320953834,
      "spearman": 0.5867906938769928
    }
  }
}