{
  "dataset_revision": "a0d554a64d88156834ff5ae9920b964011b16384",
  "mteb_dataset_name": "STS12",
  "mteb_version": "1.10.1",
  "test": {
    "cos_sim": {
      "pearson": 0.4691677515858561,
      "spearman": 0.4645346469823971
    },
    "euclidean": {
      "pearson": 0.4646843823645549,
      "spearman": 0.46710059827728223
    },
    "evaluation_time": 6.14,
    "manhattan": {
      "pearson": 0.47943964162084657,
      "spearman": 0.4849246542227365
    }
  }
}