{
  "dataset_revision": "7e90230a92c190f1bf69ae9002b8cea547a64cca",
  "mteb_dataset_name": "STS13",
  "mteb_version": "1.10.1",
  "test": {
    "cos_sim": {
      "pearson": 0.7558567718975252,
      "spearman": 0.7694814471943652
    },
    "euclidean": {
      "pearson": 0.5389320622324422,
      "spearman": 0.5421911960078905
    },
    "evaluation_time": 1.4,
    "manhattan": {
      "pearson": 0.5321548612842146,
      "spearman": 0.5343619271405866
    }
  }
}