{
  "dataset_revision": "6031580fec1f6af667f0bd2da0a551cf4f0b2375",
  "mteb_dataset_name": "STS14",
  "mteb_version": "1.10.1",
  "test": {
    "cos_sim": {
      "pearson": 0.6813177353348262,
      "spearman": 0.6508178343004715
    },
    "euclidean": {
      "pearson": 0.560789498332152,
      "spearman": 0.5706488721560145
    },
    "evaluation_time": 5.26,
    "manhattan": {
      "pearson": 0.5584437181447491,
      "spearman": 0.5692990498273465
    }
  }
}