{
  "dataset_revision": "6031580fec1f6af667f0bd2da0a551cf4f0b2375",
  "mteb_dataset_name": "STS14",
  "mteb_version": "1.10.1",
  "test": {
    "cos_sim": {
      "pearson": 0.6786978606055539,
      "spearman": 0.6470657916355244
    },
    "euclidean": {
      "pearson": 0.5710932793907464,
      "spearman": 0.5774457723303824
    },
    "evaluation_time": 3.77,
    "manhattan": {
      "pearson": 0.5692524370444425,
      "spearman": 0.576580800287966
    }
  }
}