{
  "dataset_revision": "20a6d6f312dd54037fe07a32d58e5e168867909d",
  "mteb_dataset_name": "SICK-R",
  "mteb_version": "1.10.1",
  "test": {
    "cos_sim": {
      "pearson": 0.7050854905469951,
      "spearman": 0.592237146598603
    },
    "euclidean": {
      "pearson": 0.6041698660421727,
      "spearman": 0.5380670003257544
    },
    "evaluation_time": 8.38,
    "manhattan": {
      "pearson": 0.6045436045515885,
      "spearman": 0.5382253729121338
    }
  }
}