{
  "dataset_revision": "20a6d6f312dd54037fe07a32d58e5e168867909d",
  "mteb_dataset_name": "SICK-R",
  "mteb_version": "1.10.1",
  "test": {
    "cos_sim": {
      "pearson": 0.6969387139694904,
      "spearman": 0.6075341919239624
    },
    "euclidean": {
      "pearson": 0.6340389940430013,
      "spearman": 0.5692618460761664
    },
    "evaluation_time": 8.14,
    "manhattan": {
      "pearson": 0.641122145228009,
      "spearman": 0.573205116898716
    }
  }
}