{
  "dataset_revision": "a0d554a64d88156834ff5ae9920b964011b16384",
  "mteb_dataset_name": "STS12",
  "mteb_version": "1.10.1",
  "test": {
    "cos_sim": {
      "pearson": 0.49630493128166014,
      "spearman": 0.4910455980858908
    },
    "euclidean": {
      "pearson": 0.5244634719462044,
      "spearman": 0.49023291744125364
    },
    "evaluation_time": 5.72,
    "manhattan": {
      "pearson": 0.5669673377915231,
      "spearman": 0.5224516639926093
    }
  }
}