{
  "dataset_revision": "b0fddb56ed78048fa8b90373c8a3cfc37b684831",
  "mteb_dataset_name": "STSBenchmark",
  "mteb_version": "1.10.1",
  "test": {
    "cos_sim": {
      "pearson": 0.45062652622701443,
      "spearman": 0.44234257508491986
    },
    "euclidean": {
      "pearson": 0.4985373039139419,
      "spearman": 0.491055833780242
    },
    "evaluation_time": 1.97,
    "manhattan": {
      "pearson": 0.5424367121383731,
      "spearman": 0.5262119428654047
    }
  }
}