{
  "dataset_revision": "4d8694f8f0e0100860b497b999b3dbed754a0513",
  "mteb_dataset_name": "STS16",
  "mteb_version": "1.10.1",
  "test": {
    "cos_sim": {
      "pearson": 0.5311445955852295,
      "spearman": 0.5840997440121218
    },
    "euclidean": {
      "pearson": 0.46406909286957154,
      "spearman": 0.4686411358778416
    },
    "evaluation_time": 1.73,
    "manhattan": {
      "pearson": 0.49710352073638414,
      "spearman": 0.49699188020652335
    }
  }
}