{
  "dataset_revision": "b0fddb56ed78048fa8b90373c8a3cfc37b684831",
  "mteb_dataset_name": "STSBenchmark",
  "mteb_version": "1.10.1",
  "test": {
    "cos_sim": {
      "pearson": 0.6582006696439844,
      "spearman": 0.6159462667197416
    },
    "euclidean": {
      "pearson": 0.5371143447863624,
      "spearman": 0.5019174604774311
    },
    "evaluation_time": 2.64,
    "manhattan": {
      "pearson": 0.5368020210187161,
      "spearman": 0.5025186026282245
    }
  }
}