{
  "dataset_revision": "50e79c314a7603ebc92236b66a0973d51a00ed8c",
  "mteb_dataset_name": "JSTS",
  "mteb_version": "1.10.1",
  "validation": {
    "cos_sim": {
      "pearson": 0.5935247075034532,
      "spearman": 0.5754641157750491
    },
    "euclidean": {
      "pearson": 0.549103784941677,
      "spearman": 0.5454310080787498
    },
    "evaluation_time": 0.6,
    "manhattan": {
      "pearson": 0.5851299980509514,
      "spearman": 0.5778077224224794
    }
  }
}