{
  "dataset_revision": "20a6d6f312dd54037fe07a32d58e5e168867909d",
  "mteb_dataset_name": "SICK-R",
  "mteb_version": "1.10.1",
  "test": {
    "cos_sim": {
      "pearson": 0.6409736849980776,
      "spearman": 0.5858341307121618
    },
    "euclidean": {
      "pearson": 0.5910572170723232,
      "spearman": 0.5499542510538066
    },
    "evaluation_time": 10.53,
    "manhattan": {
      "pearson": 0.6185580150910052,
      "spearman": 0.5743847142138285
    }
  }
}