{
  "dataset_revision": "6031580fec1f6af667f0bd2da0a551cf4f0b2375",
  "mteb_dataset_name": "STS14",
  "mteb_version": "1.10.1",
  "test": {
    "cos_sim": {
      "pearson": 0.5296992233759457,
      "spearman": 0.5389968649210163
    },
    "euclidean": {
      "pearson": 0.5224855737317534,
      "spearman": 0.5302396741564036
    },
    "evaluation_time": 3.53,
    "manhattan": {
      "pearson": 0.533947739973671,
      "spearman": 0.540186341221191
    }
  }
}