{
  "dataset_revision": "20a6d6f312dd54037fe07a32d58e5e168867909d",
  "mteb_dataset_name": "SICK-R",
  "mteb_version": "1.10.1",
  "test": {
    "cos_sim": {
      "pearson": 0.6211298453014384,
      "spearman": 0.5656799260820423
    },
    "euclidean": {
      "pearson": 0.5594344221809402,
      "spearman": 0.5171263733275561
    },
    "evaluation_time": 11.42,
    "manhattan": {
      "pearson": 0.5866899068490519,
      "spearman": 0.5377360794606609
    }
  }
}