{
  "dataset_revision": "6031580fec1f6af667f0bd2da0a551cf4f0b2375",
  "mteb_dataset_name": "STS14",
  "mteb_version": "1.10.1",
  "test": {
    "cos_sim": {
      "pearson": 0.531992733690712,
      "spearman": 0.5366737451256164
    },
    "euclidean": {
      "pearson": 0.5268326637909128,
      "spearman": 0.5337994609207078
    },
    "evaluation_time": 5.6,
    "manhattan": {
      "pearson": 0.5543837578386694,
      "spearman": 0.5574144716832518
    }
  }
}