{
  "dataset_revision": "20a6d6f312dd54037fe07a32d58e5e168867909d",
  "mteb_dataset_name": "SICK-R",
  "mteb_version": "1.10.1",
  "test": {
    "cos_sim": {
      "pearson": 0.6469390199753848,
      "spearman": 0.5682702228188422
    },
    "euclidean": {
      "pearson": 0.5946590406692559,
      "spearman": 0.5438413530199095
    },
    "evaluation_time": 11.36,
    "manhattan": {
      "pearson": 0.5959000228574254,
      "spearman": 0.5442362718307315
    }
  }
}