{
  "dataset_revision": "20a6d6f312dd54037fe07a32d58e5e168867909d",
  "mteb_dataset_name": "SICK-R",
  "mteb_version": "1.10.1",
  "test": {
    "cos_sim": {
      "pearson": 0.6250826410767004,
      "spearman": 0.5694187845903016
    },
    "euclidean": {
      "pearson": 0.569265526549262,
      "spearman": 0.5272519005560357
    },
    "evaluation_time": 12.98,
    "manhattan": {
      "pearson": 0.5696726097989597,
      "spearman": 0.5271744019229185
    }
  }
}