{
  "dataset_revision": "20a6d6f312dd54037fe07a32d58e5e168867909d",
  "mteb_dataset_name": "SICK-R",
  "mteb_version": "1.10.1",
  "test": {
    "cos_sim": {
      "pearson": 0.6853108971647836,
      "spearman": 0.5955912380192775
    },
    "euclidean": {
      "pearson": 0.6025081640418519,
      "spearman": 0.5483188434754778
    },
    "evaluation_time": 14.34,
    "manhattan": {
      "pearson": 0.6021116259130195,
      "spearman": 0.5477412635217533
    }
  }
}