{
  "dataset_revision": "b0fddb56ed78048fa8b90373c8a3cfc37b684831",
  "mteb_dataset_name": "STSBenchmark",
  "mteb_version": "1.10.1",
  "test": {
    "cos_sim": {
      "pearson": 0.4899352572597434,
      "spearman": 0.5038166371283845
    },
    "euclidean": {
      "pearson": 0.49405178424584173,
      "spearman": 0.48784944832533367
    },
    "evaluation_time": 1.94,
    "manhattan": {
      "pearson": 0.5404700335614078,
      "spearman": 0.5251687608054239
    }
  }
}