{
  "dataset_revision": "ae752c7c21bf194d8b67fd573edf7ae58183cbe3",
  "mteb_dataset_name": "STS15",
  "mteb_version": "1.10.1",
  "test": {
    "cos_sim": {
      "pearson": 0.6605036470225079,
      "spearman": 0.7022939877223727
    },
    "euclidean": {
      "pearson": 0.6211658831043205,
      "spearman": 0.6425838515319904
    },
    "evaluation_time": 5.07,
    "manhattan": {
      "pearson": 0.6222928904793128,
      "spearman": 0.6423925566102572
    }
  }
}