{
  "dataset_revision": "a0d554a64d88156834ff5ae9920b964011b16384",
  "mteb_dataset_name": "STS12",
  "mteb_version": "1.10.1",
  "test": {
    "cos_sim": {
      "pearson": 0.5247036282420023,
      "spearman": 0.5246521031815425
    },
    "euclidean": {
      "pearson": 0.47702009912859256,
      "spearman": 0.4884176620083179
    },
    "evaluation_time": 2.98,
    "manhattan": {
      "pearson": 0.5042989347797721,
      "spearman": 0.5157733386066383
    }
  }
}