{
  "dataset_revision": "b0fddb56ed78048fa8b90373c8a3cfc37b684831",
  "mteb_dataset_name": "STSBenchmark",
  "mteb_version": "1.10.1",
  "test": {
    "cos_sim": {
      "pearson": 0.5873933860521434,
      "spearman": 0.5741997956209078
    },
    "euclidean": {
      "pearson": 0.5283291808735494,
      "spearman": 0.5162415035946989
    },
    "evaluation_time": 1.5,
    "manhattan": {
      "pearson": 0.5311834544508245,
      "spearman": 0.5197757104551121
    }
  }
}