{
  "dataset_revision": "ae752c7c21bf194d8b67fd573edf7ae58183cbe3",
  "mteb_dataset_name": "STS15",
  "mteb_version": "1.10.1",
  "test": {
    "cos_sim": {
      "pearson": 0.7640389004249131,
      "spearman": 0.7680118648620136
    },
    "euclidean": {
      "pearson": 0.5381067410233653,
      "spearman": 0.5605869625878277
    },
    "evaluation_time": 2.94,
    "manhattan": {
      "pearson": 0.53933153835016,
      "spearman": 0.5596895824737029
    }
  }
}