{
  "dataset_revision": "20a6d6f312dd54037fe07a32d58e5e168867909d",
  "mteb_dataset_name": "SICK-R",
  "mteb_version": "1.10.1",
  "test": {
    "cos_sim": {
      "pearson": 0.7163534669956818,
      "spearman": 0.5952482196022381
    },
    "euclidean": {
      "pearson": 0.6162832663545129,
      "spearman": 0.5499803869127925
    },
    "evaluation_time": 8.03,
    "manhattan": {
      "pearson": 0.6154566379734282,
      "spearman": 0.5495723574485774
    }
  }
}