{
  "dataset_revision": "20a6d6f312dd54037fe07a32d58e5e168867909d",
  "mteb_dataset_name": "SICK-R",
  "mteb_version": "1.10.1",
  "test": {
    "cos_sim": {
      "pearson": 0.7258425315302818,
      "spearman": 0.6187414953859717
    },
    "euclidean": {
      "pearson": 0.6396101955305907,
      "spearman": 0.5685465680630656
    },
    "evaluation_time": 9.03,
    "manhattan": {
      "pearson": 0.6395017517556043,
      "spearman": 0.5685047139295145
    }
  }
}