{
  "dataset_revision": "b0fddb56ed78048fa8b90373c8a3cfc37b684831",
  "mteb_dataset_name": "STSBenchmark",
  "mteb_version": "1.10.1",
  "test": {
    "cos_sim": {
      "pearson": 0.6752587048247874,
      "spearman": 0.6304262909759908
    },
    "euclidean": {
      "pearson": 0.5318480460895796,
      "spearman": 0.4953343885866218
    },
    "evaluation_time": 1.28,
    "manhattan": {
      "pearson": 0.5301903776694674,
      "spearman": 0.49405892966091736
    }
  }
}