{
  "dataset_revision": "ae752c7c21bf194d8b67fd573edf7ae58183cbe3",
  "mteb_dataset_name": "STS15",
  "mteb_version": "1.10.1",
  "test": {
    "cos_sim": {
      "pearson": 0.7319578010508926,
      "spearman": 0.741192202318166
    },
    "euclidean": {
      "pearson": 0.5923827070827302,
      "spearman": 0.6139138497720943
    },
    "evaluation_time": 2.71,
    "manhattan": {
      "pearson": 0.5913470966948894,
      "spearman": 0.6139923097665586
    }
  }
}