{
  "dataset_revision": "20a6d6f312dd54037fe07a32d58e5e168867909d",
  "mteb_dataset_name": "SICK-R",
  "mteb_version": "1.10.1",
  "test": {
    "cos_sim": {
      "pearson": 0.6600164056360358,
      "spearman": 0.5822314046231661
    },
    "euclidean": {
      "pearson": 0.6081826813130522,
      "spearman": 0.5498729076133803
    },
    "evaluation_time": 10.49,
    "manhattan": {
      "pearson": 0.6282176184189909,
      "spearman": 0.5684177805788886
    }
  }
}