{
  "dataset_revision": "20a6d6f312dd54037fe07a32d58e5e168867909d",
  "mteb_dataset_name": "SICK-R",
  "mteb_version": "1.10.1",
  "test": {
    "cos_sim": {
      "pearson": 0.7198098929471727,
      "spearman": 0.6229708421325166
    },
    "euclidean": {
      "pearson": 0.6367580587965511,
      "spearman": 0.5705195935075655
    },
    "evaluation_time": 8.12,
    "manhattan": {
      "pearson": 0.6434942111367449,
      "spearman": 0.5741562057566735
    }
  }
}