{
  "dataset_revision": "a0d554a64d88156834ff5ae9920b964011b16384",
  "mteb_dataset_name": "STS12",
  "mteb_version": "1.10.1",
  "test": {
    "cos_sim": {
      "pearson": 0.6516789283250515,
      "spearman": 0.5553281986272098
    },
    "euclidean": {
      "pearson": 0.5940397068479776,
      "spearman": 0.5435011228454382
    },
    "evaluation_time": 3.06,
    "manhattan": {
      "pearson": 0.5931463757139191,
      "spearman": 0.5438037461880115
    }
  }
}