{
  "dataset_revision": "4d8694f8f0e0100860b497b999b3dbed754a0513",
  "mteb_dataset_name": "STS16",
  "mteb_version": "1.10.1",
  "test": {
    "cos_sim": {
      "pearson": 0.6391411303576386,
      "spearman": 0.6661342901174425
    },
    "euclidean": {
      "pearson": 0.4627658822686238,
      "spearman": 0.501967072030423
    },
    "evaluation_time": 1.56,
    "manhattan": {
      "pearson": 0.4611518910293014,
      "spearman": 0.5009330300940656
    }
  }
}