{
  "dataset_revision": "a0d554a64d88156834ff5ae9920b964011b16384",
  "mteb_dataset_name": "STS12",
  "mteb_version": "1.10.1",
  "test": {
    "cos_sim": {
      "pearson": 0.6789090513828566,
      "spearman": 0.5817357388881355
    },
    "euclidean": {
      "pearson": 0.5951313228500831,
      "spearman": 0.5482456346204756
    },
    "evaluation_time": 3.02,
    "manhattan": {
      "pearson": 0.5939898323361952,
      "spearman": 0.5485209478501931
    }
  }
}