{
  "dataset_revision": "4d8694f8f0e0100860b497b999b3dbed754a0513",
  "mteb_dataset_name": "STS16",
  "mteb_version": "1.10.1",
  "test": {
    "cos_sim": {
      "pearson": 0.6356009599257987,
      "spearman": 0.6519401093772222
    },
    "euclidean": {
      "pearson": 0.49806582497204166,
      "spearman": 0.5181694854134112
    },
    "evaluation_time": 1.18,
    "manhattan": {
      "pearson": 0.4974019929842455,
      "spearman": 0.517603723613092
    }
  }
}