{
  "dataset_revision": "ae752c7c21bf194d8b67fd573edf7ae58183cbe3",
  "mteb_dataset_name": "STS15",
  "mteb_version": "1.10.1",
  "test": {
    "cos_sim": {
      "pearson": 0.7771146131790498,
      "spearman": 0.7806738980485955
    },
    "euclidean": {
      "pearson": 0.5696424068892633,
      "spearman": 0.5906900789955493
    },
    "evaluation_time": 2.81,
    "manhattan": {
      "pearson": 0.5712156587002671,
      "spearman": 0.5915041041963245
    }
  }
}