{
  "dataset_revision": "a0d554a64d88156834ff5ae9920b964011b16384",
  "mteb_dataset_name": "STS12",
  "mteb_version": "1.10.1",
  "test": {
    "cos_sim": {
      "pearson": 0.6285845811214094,
      "spearman": 0.5591990927307514
    },
    "euclidean": {
      "pearson": 0.5658795097324618,
      "spearman": 0.5504308316110064
    },
    "evaluation_time": 2.98,
    "manhattan": {
      "pearson": 0.5801147796928137,
      "spearman": 0.565966093659269
    }
  }
}