{
  "dataset_revision": "a0d554a64d88156834ff5ae9920b964011b16384",
  "mteb_dataset_name": "STS12",
  "mteb_version": "1.10.1",
  "test": {
    "cos_sim": {
      "pearson": 0.468691032379758,
      "spearman": 0.4906191835772322
    },
    "euclidean": {
      "pearson": 0.5459070148775924,
      "spearman": 0.5022916398429613
    },
    "evaluation_time": 4.71,
    "manhattan": {
      "pearson": 0.5844035785871384,
      "spearman": 0.5299303339135573
    }
  }
}