{
  "dataset_revision": "7e90230a92c190f1bf69ae9002b8cea547a64cca",
  "mteb_dataset_name": "STS13",
  "mteb_version": "1.10.1",
  "test": {
    "cos_sim": {
      "pearson": 0.4517939057766788,
      "spearman": 0.44803082110650727
    },
    "euclidean": {
      "pearson": 0.4956227448610575,
      "spearman": 0.5083152431301281
    },
    "evaluation_time": 2.15,
    "manhattan": {
      "pearson": 0.5171062136158321,
      "spearman": 0.525835026496737
    }
  }
}