{
  "dataset_revision": "ae752c7c21bf194d8b67fd573edf7ae58183cbe3",
  "mteb_dataset_name": "STS15",
  "mteb_version": "1.10.1",
  "test": {
    "cos_sim": {
      "pearson": 0.7656133151269593,
      "spearman": 0.7683365142581305
    },
    "euclidean": {
      "pearson": 0.5027986206388388,
      "spearman": 0.5318149996854732
    },
    "evaluation_time": 2.76,
    "manhattan": {
      "pearson": 0.5043874553313032,
      "spearman": 0.5276375173041221
    }
  }
}