{
  "dataset_revision": "7e90230a92c190f1bf69ae9002b8cea547a64cca",
  "mteb_dataset_name": "STS13",
  "mteb_version": "1.10.1",
  "test": {
    "cos_sim": {
      "pearson": 0.6634610354901169,
      "spearman": 0.7032103526401334
    },
    "euclidean": {
      "pearson": 0.5173928642724308,
      "spearman": 0.520823736648434
    },
    "evaluation_time": 3.5,
    "manhattan": {
      "pearson": 0.5099709183778964,
      "spearman": 0.5131611950977799
    }
  }
}