{
  "dataset_revision": "b0fddb56ed78048fa8b90373c8a3cfc37b684831",
  "mteb_dataset_name": "STSBenchmark",
  "mteb_version": "1.10.1",
  "test": {
    "cos_sim": {
      "pearson": 0.5646242555977908,
      "spearman": 0.5372080873960234
    },
    "euclidean": {
      "pearson": 0.5235560687971244,
      "spearman": 0.49939513477080166
    },
    "evaluation_time": 1.3,
    "manhattan": {
      "pearson": 0.5237622867739955,
      "spearman": 0.5002620944091206
    }
  }
}