{
  "dataset_revision": "7e90230a92c190f1bf69ae9002b8cea547a64cca",
  "mteb_dataset_name": "STS13",
  "mteb_version": "1.10.1",
  "test": {
    "cos_sim": {
      "pearson": 0.6759231800476488,
      "spearman": 0.689165845776619
    },
    "euclidean": {
      "pearson": 0.56579859905326,
      "spearman": 0.5804091218733246
    },
    "evaluation_time": 2.36,
    "manhattan": {
      "pearson": 0.5631075334746206,
      "spearman": 0.5771666501675777
    }
  }
}