{
  "dataset_revision": "b0fddb56ed78048fa8b90373c8a3cfc37b684831",
  "mteb_dataset_name": "STSBenchmark",
  "mteb_version": "1.10.1",
  "test": {
    "cos_sim": {
      "pearson": 0.4341149377658032,
      "spearman": 0.4621717567047255
    },
    "euclidean": {
      "pearson": 0.5092062265613199,
      "spearman": 0.4913335710152586
    },
    "evaluation_time": 2.32,
    "manhattan": {
      "pearson": 0.513642247798315,
      "spearman": 0.49422707451301734
    }
  }
}