{
  "dataset_revision": "20a6d6f312dd54037fe07a32d58e5e168867909d",
  "mteb_dataset_name": "SICK-R",
  "mteb_version": "1.10.1",
  "test": {
    "cos_sim": {
      "pearson": 0.7063557356649965,
      "spearman": 0.6114480750567953
    },
    "euclidean": {
      "pearson": 0.6367580585672556,
      "spearman": 0.570518405187925
    },
    "evaluation_time": 8.03,
    "manhattan": {
      "pearson": 0.6434942123691927,
      "spearman": 0.5741566917769722
    }
  }
}