{
  "dataset_revision": "ae752c7c21bf194d8b67fd573edf7ae58183cbe3",
  "mteb_dataset_name": "STS15",
  "mteb_version": "1.10.1",
  "test": {
    "cos_sim": {
      "pearson": 0.6123073257765975,
      "spearman": 0.6305166860807048
    },
    "euclidean": {
      "pearson": 0.5669986521055589,
      "spearman": 0.5976805954321041
    },
    "evaluation_time": 4.18,
    "manhattan": {
      "pearson": 0.5999464578172935,
      "spearman": 0.6285127755703884
    }
  }
}