{"model_name": "GoogleNews-vectors-negative300", "whitening_name": "zipfian_whitening", "pooling_mode": "centering_only", "sym1": 0.9999999403953552, "sym2": 0.8877053260803223, "sym1_uniform": 0.7536384463310242, "sym2_uniform": 0.9498627781867981, "cosine": 0.9307318180799484, "iso_score": 0.5016761683584104}