{
  "dataset_revision": "20a6d6f312dd54037fe07a32d58e5e168867909d",
  "mteb_dataset_name": "SICK-R",
  "mteb_version": "1.10.1",
  "test": {
    "cos_sim": {
      "pearson": 0.6972468857312027,
      "spearman": 0.6003194542349387
    },
    "euclidean": {
      "pearson": 0.6329341350043305,
      "spearman": 0.5598783538978881
    },
    "evaluation_time": 8.05,
    "manhattan": {
      "pearson": 0.6334353240300651,
      "spearman": 0.5606167251643502
    }
  }
}