{
  "dataset_revision": "ae752c7c21bf194d8b67fd573edf7ae58183cbe3",
  "mteb_dataset_name": "STS15",
  "mteb_version": "1.10.1",
  "test": {
    "cos_sim": {
      "pearson": 0.6767668345119278,
      "spearman": 0.7015115379531349
    },
    "euclidean": {
      "pearson": 0.5649888983367115,
      "spearman": 0.5853791775595929
    },
    "evaluation_time": 2.76,
    "manhattan": {
      "pearson": 0.5668947448671893,
      "spearman": 0.5869084593100149
    }
  }
}