{
  "dataset_revision": "20a6d6f312dd54037fe07a32d58e5e168867909d",
  "mteb_dataset_name": "SICK-R",
  "mteb_version": "1.10.1",
  "test": {
    "cos_sim": {
      "pearson": 0.5843609351945477,
      "spearman": 0.5463803286495613
    },
    "euclidean": {
      "pearson": 0.552654489179919,
      "spearman": 0.5162685821736739
    },
    "evaluation_time": 11.51,
    "manhattan": {
      "pearson": 0.5853436077125174,
      "spearman": 0.5412243112270323
    }
  }
}