{
  "dataset_revision": "7e90230a92c190f1bf69ae9002b8cea547a64cca",
  "mteb_dataset_name": "STS13",
  "mteb_version": "1.10.1",
  "test": {
    "cos_sim": {
      "pearson": 0.4548267927417572,
      "spearman": 0.4515885710996337
    },
    "euclidean": {
      "pearson": 0.5064742856917768,
      "spearman": 0.5186168214918053
    },
    "evaluation_time": 2.14,
    "manhattan": {
      "pearson": 0.5265214146580454,
      "spearman": 0.5343223636120127
    }
  }
}