{
  "dataset_revision": "a0d554a64d88156834ff5ae9920b964011b16384",
  "mteb_dataset_name": "STS12",
  "mteb_version": "1.10.1",
  "test": {
    "cos_sim": {
      "pearson": 0.6540848832662515,
      "spearman": 0.6059758872511399
    },
    "euclidean": {
      "pearson": 0.5658795081586838,
      "spearman": 0.5504305600501034
    },
    "evaluation_time": 2.95,
    "manhattan": {
      "pearson": 0.5801147782429065,
      "spearman": 0.5659662846210828
    }
  }
}