{
  "dataset_revision": "4d8694f8f0e0100860b497b999b3dbed754a0513",
  "mteb_dataset_name": "STS16",
  "mteb_version": "1.10.1",
  "test": {
    "cos_sim": {
      "pearson": 0.5521036208876863,
      "spearman": 0.6075777294422052
    },
    "euclidean": {
      "pearson": 0.4880308164437134,
      "spearman": 0.5114110323676171
    },
    "evaluation_time": 1.16,
    "manhattan": {
      "pearson": 0.4900681986206031,
      "spearman": 0.515771751871674
    }
  }
}