{
  "dataset_revision": "b0fddb56ed78048fa8b90373c8a3cfc37b684831",
  "mteb_dataset_name": "STSBenchmark",
  "mteb_version": "1.10.1",
  "test": {
    "cos_sim": {
      "pearson": 0.6121684195132047,
      "spearman": 0.5869894923687683
    },
    "euclidean": {
      "pearson": 0.516065006713365,
      "spearman": 0.4931437573548635
    },
    "evaluation_time": 1.66,
    "manhattan": {
      "pearson": 0.5214397761899477,
      "spearman": 0.4985328229921868
    }
  }
}