{
  "dataset_revision": "50e79c314a7603ebc92236b66a0973d51a00ed8c",
  "mteb_dataset_name": "JSTS",
  "mteb_version": "1.10.1",
  "validation": {
    "cos_sim": {
      "pearson": 0.6538381688348246,
      "spearman": 0.6305427999529658
    },
    "euclidean": {
      "pearson": 0.5975776518110462,
      "spearman": 0.5922060763828563
    },
    "evaluation_time": 0.6,
    "manhattan": {
      "pearson": 0.6408990759628608,
      "spearman": 0.633427596786329
    }
  }
}