{
  "dataset_revision": "4d8694f8f0e0100860b497b999b3dbed754a0513",
  "mteb_dataset_name": "STS16",
  "mteb_version": "1.10.1",
  "test": {
    "cos_sim": {
      "pearson": 0.5660013648041698,
      "spearman": 0.6298754082710852
    },
    "euclidean": {
      "pearson": 0.46994950857829254,
      "spearman": 0.49705256047780244
    },
    "evaluation_time": 2.77,
    "manhattan": {
      "pearson": 0.47019480869467606,
      "spearman": 0.49697069391892607
    }
  }
}