{
  "dataset_revision": "ae752c7c21bf194d8b67fd573edf7ae58183cbe3",
  "mteb_dataset_name": "STS15",
  "mteb_version": "1.10.1",
  "test": {
    "cos_sim": {
      "pearson": 0.760837154334825,
      "spearman": 0.7642876871220524
    },
    "euclidean": {
      "pearson": 0.5734354983543022,
      "spearman": 0.5867049437839463
    },
    "evaluation_time": 2.83,
    "manhattan": {
      "pearson": 0.5736746573663163,
      "spearman": 0.587794880225257
    }
  }
}