{
  "dataset_revision": "b0fddb56ed78048fa8b90373c8a3cfc37b684831",
  "mteb_dataset_name": "STSBenchmark",
  "mteb_version": "1.10.1",
  "test": {
    "cos_sim": {
      "pearson": 0.6315713871473286,
      "spearman": 0.5883711872618834
    },
    "euclidean": {
      "pearson": 0.5442719857568828,
      "spearman": 0.5123794621537312
    },
    "evaluation_time": 1.35,
    "manhattan": {
      "pearson": 0.5437864250692475,
      "spearman": 0.5127637417152497
    }
  }
}