{
  "dataset_revision": "a0d554a64d88156834ff5ae9920b964011b16384",
  "mteb_dataset_name": "STS12",
  "mteb_version": "1.10.1",
  "test": {
    "cos_sim": {
      "pearson": 0.5481888708460528,
      "spearman": 0.5068936298935626
    },
    "euclidean": {
      "pearson": 0.5756690043567574,
      "spearman": 0.5529980419642162
    },
    "evaluation_time": 3.03,
    "manhattan": {
      "pearson": 0.5788013029837972,
      "spearman": 0.55245306058676
    }
  }
}