{
  "dataset_revision": "b0fddb56ed78048fa8b90373c8a3cfc37b684831",
  "mteb_dataset_name": "STSBenchmark",
  "mteb_version": "1.10.1",
  "test": {
    "cos_sim": {
      "pearson": 0.5322491440925734,
      "spearman": 0.5220908358844436
    },
    "euclidean": {
      "pearson": 0.5046201939979984,
      "spearman": 0.48880284351759645
    },
    "evaluation_time": 1.37,
    "manhattan": {
      "pearson": 0.5019396339188934,
      "spearman": 0.48911338036495894
    }
  }
}