{"model_name": "average_word_embeddings_glove.840B.300d", "whitening_name": "zipfian_whitening", "pooling_mode": "centering_only", "sym1": 0.9999998807907104, "sym2": 0.8389274477958679, "sym1_uniform": 0.5118244886398315, "sym2_uniform": 0.9650418162345886, "cosine": 0.7751175165176392, "iso_score": 0.49341155373926615}