{
  "dataset_revision": "a0d554a64d88156834ff5ae9920b964011b16384",
  "mteb_dataset_name": "STS12",
  "mteb_version": "1.10.1",
  "test": {
    "cos_sim": {
      "pearson": 0.6641070981894103,
      "spearman": 0.5633081506047508
    },
    "euclidean": {
      "pearson": 0.605148284541532,
      "spearman": 0.5464282463174209
    },
    "evaluation_time": 3.07,
    "manhattan": {
      "pearson": 0.604189671463224,
      "spearman": 0.5467050613914813
    }
  }
}