{
  "dataset_revision": "4d8694f8f0e0100860b497b999b3dbed754a0513",
  "mteb_dataset_name": "STS16",
  "mteb_version": "1.10.1",
  "test": {
    "cos_sim": {
      "pearson": 0.7045118225462932,
      "spearman": 0.7099220635903475
    },
    "euclidean": {
      "pearson": 0.4620149537622047,
      "spearman": 0.5014233611542783
    },
    "evaluation_time": 1.2,
    "manhattan": {
      "pearson": 0.46373166885352896,
      "spearman": 0.5022042986308959
    }
  }
}