{
  "dataset_revision": "7e90230a92c190f1bf69ae9002b8cea547a64cca",
  "mteb_dataset_name": "STS13",
  "mteb_version": "1.10.1",
  "test": {
    "cos_sim": {
      "pearson": 0.7840125943294322,
      "spearman": 0.7836078840504158
    },
    "euclidean": {
      "pearson": 0.48506017482334257,
      "spearman": 0.49097536891080706
    },
    "evaluation_time": 1.37,
    "manhattan": {
      "pearson": 0.4876202578529952,
      "spearman": 0.49227568358947066
    }
  }
}