{
  "dataset_revision": "a0d554a64d88156834ff5ae9920b964011b16384",
  "mteb_dataset_name": "STS12",
  "mteb_version": "1.10.1",
  "test": {
    "cos_sim": {
      "pearson": 0.623024934776313,
      "spearman": 0.5794092021504902
    },
    "euclidean": {
      "pearson": 0.5473816749614185,
      "spearman": 0.5480524918403739
    },
    "evaluation_time": 3.03,
    "manhattan": {
      "pearson": 0.5615543740970509,
      "spearman": 0.5637878204550694
    }
  }
}