{
  "dataset_revision": "ae752c7c21bf194d8b67fd573edf7ae58183cbe3",
  "mteb_dataset_name": "STS15",
  "mteb_version": "1.10.1",
  "test": {
    "cos_sim": {
      "pearson": 0.7354733715837124,
      "spearman": 0.747139637424981
    },
    "euclidean": {
      "pearson": 0.5832886812965998,
      "spearman": 0.6008258471828547
    },
    "evaluation_time": 2.85,
    "manhattan": {
      "pearson": 0.5846925127644389,
      "spearman": 0.6021917096217544
    }
  }
}