{
  "dataset_revision": "4d8694f8f0e0100860b497b999b3dbed754a0513",
  "mteb_dataset_name": "STS16",
  "mteb_version": "1.10.1",
  "test": {
    "cos_sim": {
      "pearson": 0.6877505830979982,
      "spearman": 0.6987240302260607
    },
    "euclidean": {
      "pearson": 0.5445656735179816,
      "spearman": 0.5472672517734093
    },
    "evaluation_time": 1.79,
    "manhattan": {
      "pearson": 0.5427303243099842,
      "spearman": 0.5449847028431146
    }
  }
}