{
  "dataset_revision": "50e79c314a7603ebc92236b66a0973d51a00ed8c",
  "mteb_dataset_name": "JSTS",
  "mteb_version": "1.10.1",
  "validation": {
    "cos_sim": {
      "pearson": 0.5663925749220295,
      "spearman": 0.5606094180216644
    },
    "euclidean": {
      "pearson": 0.5491037849204897,
      "spearman": 0.5454310080787498
    },
    "evaluation_time": 0.62,
    "manhattan": {
      "pearson": 0.5851300006777669,
      "spearman": 0.5778077224224794
    }
  }
}