{
  "dataset_revision": "4d8694f8f0e0100860b497b999b3dbed754a0513",
  "mteb_dataset_name": "STS16",
  "mteb_version": "1.10.1",
  "test": {
    "cos_sim": {
      "pearson": 0.7080742461150321,
      "spearman": 0.7218092215517953
    },
    "euclidean": {
      "pearson": 0.49205471294143943,
      "spearman": 0.5116520624469237
    },
    "evaluation_time": 1.14,
    "manhattan": {
      "pearson": 0.4933671893205901,
      "spearman": 0.514961647328294
    }
  }
}