{
  "dataset_revision": "20a6d6f312dd54037fe07a32d58e5e168867909d",
  "mteb_dataset_name": "SICK-R",
  "mteb_version": "1.10.1",
  "test": {
    "cos_sim": {
      "pearson": 0.593718821353444,
      "spearman": 0.5514183673326054
    },
    "euclidean": {
      "pearson": 0.5584974711087198,
      "spearman": 0.5257111122822732
    },
    "evaluation_time": 9.63,
    "manhattan": {
      "pearson": 0.5664344673382865,
      "spearman": 0.5309943942259567
    }
  }
}