{
  "dataset_revision": "ae752c7c21bf194d8b67fd573edf7ae58183cbe3",
  "mteb_dataset_name": "STS15",
  "mteb_version": "1.10.1",
  "test": {
    "cos_sim": {
      "pearson": 0.7387188392712177,
      "spearman": 0.7438973325228379
    },
    "euclidean": {
      "pearson": 0.5901828173469781,
      "spearman": 0.6024645047370008
    },
    "evaluation_time": 3.63,
    "manhattan": {
      "pearson": 0.5957562916492174,
      "spearman": 0.608327117561532
    }
  }
}