{
  "dataset_revision": "a0d554a64d88156834ff5ae9920b964011b16384",
  "mteb_dataset_name": "STS12",
  "mteb_version": "1.10.1",
  "test": {
    "cos_sim": {
      "pearson": 0.5651301769119527,
      "spearman": 0.5285635603360817
    },
    "euclidean": {
      "pearson": 0.5174260786404558,
      "spearman": 0.507455817202599
    },
    "evaluation_time": 3.77,
    "manhattan": {
      "pearson": 0.5251790524062918,
      "spearman": 0.5195955791346796
    }
  }
}