{
  "dataset_revision": "6031580fec1f6af667f0bd2da0a551cf4f0b2375",
  "mteb_dataset_name": "STS14",
  "mteb_version": "1.10.1",
  "test": {
    "cos_sim": {
      "pearson": 0.5717861618808728,
      "spearman": 0.5713851905638281
    },
    "euclidean": {
      "pearson": 0.5116217955638084,
      "spearman": 0.5225431565423849
    },
    "evaluation_time": 3.52,
    "manhattan": {
      "pearson": 0.512710368092854,
      "spearman": 0.5239811851378293
    }
  }
}