{
  "dataset_revision": "20a6d6f312dd54037fe07a32d58e5e168867909d",
  "mteb_dataset_name": "SICK-R",
  "mteb_version": "1.10.1",
  "test": {
    "cos_sim": {
      "pearson": 0.7242604530733451,
      "spearman": 0.6194673529717326
    },
    "euclidean": {
      "pearson": 0.6146062432853856,
      "spearman": 0.5470721832542613
    },
    "evaluation_time": 13.2,
    "manhattan": {
      "pearson": 0.6148629197544763,
      "spearman": 0.5475789284060287
    }
  }
}