{
  "dataset_revision": "7e90230a92c190f1bf69ae9002b8cea547a64cca",
  "mteb_dataset_name": "STS13",
  "mteb_version": "1.10.1",
  "test": {
    "cos_sim": {
      "pearson": 0.41632104740033404,
      "spearman": 0.46315553526536446
    },
    "euclidean": {
      "pearson": 0.5350437075908784,
      "spearman": 0.5354903611798374
    },
    "evaluation_time": 1.4,
    "manhattan": {
      "pearson": 0.5345133184666903,
      "spearman": 0.5356375143411625
    }
  }
}