{
  "dataset_revision": "a0d554a64d88156834ff5ae9920b964011b16384",
  "mteb_dataset_name": "STS12",
  "mteb_version": "1.10.1",
  "test": {
    "cos_sim": {
      "pearson": 0.6381272905142131,
      "spearman": 0.5652984372386497
    },
    "euclidean": {
      "pearson": 0.567014304040746,
      "spearman": 0.5348357091960233
    },
    "evaluation_time": 3.4,
    "manhattan": {
      "pearson": 0.5691011564920035,
      "spearman": 0.5372442914410656
    }
  }
}