{
  "dataset_revision": "b0fddb56ed78048fa8b90373c8a3cfc37b684831",
  "mteb_dataset_name": "STSBenchmark",
  "mteb_version": "1.10.1",
  "test": {
    "cos_sim": {
      "pearson": 0.6153783360265042,
      "spearman": 0.5714599343195034
    },
    "euclidean": {
      "pearson": 0.5443788726201209,
      "spearman": 0.5119017146330964
    },
    "evaluation_time": 2.24,
    "manhattan": {
      "pearson": 0.5438683986931152,
      "spearman": 0.5123299020457095
    }
  }
}