{
  "dataset_revision": "ae752c7c21bf194d8b67fd573edf7ae58183cbe3",
  "mteb_dataset_name": "STS15",
  "mteb_version": "1.10.1",
  "test": {
    "cos_sim": {
      "pearson": 0.6973426422120242,
      "spearman": 0.7173069984806844
    },
    "euclidean": {
      "pearson": 0.5649888972166328,
      "spearman": 0.5853797321174936
    },
    "evaluation_time": 2.83,
    "manhattan": {
      "pearson": 0.566894742738083,
      "spearman": 0.5869090387685567
    }
  }
}