{
  "dataset_revision": "4d8694f8f0e0100860b497b999b3dbed754a0513",
  "mteb_dataset_name": "STS16",
  "mteb_version": "1.10.1",
  "test": {
    "cos_sim": {
      "pearson": 0.4337128678330504,
      "spearman": 0.4742897185426702
    },
    "euclidean": {
      "pearson": 0.46437292564729904,
      "spearman": 0.4745459051514583
    },
    "evaluation_time": 1.94,
    "manhattan": {
      "pearson": 0.49679409256382345,
      "spearman": 0.5029585956968446
    }
  }
}