{
  "dataset_revision": "20a6d6f312dd54037fe07a32d58e5e168867909d",
  "mteb_dataset_name": "SICK-R",
  "mteb_version": "1.10.1",
  "test": {
    "cos_sim": {
      "pearson": 0.7010875316779731,
      "spearman": 0.6156659542112102
    },
    "euclidean": {
      "pearson": 0.6301797639947884,
      "spearman": 0.5699884313481667
    },
    "evaluation_time": 8.21,
    "manhattan": {
      "pearson": 0.6416322337246712,
      "spearman": 0.5821380607925838
    }
  }
}