{
  "dataset_revision": "ae752c7c21bf194d8b67fd573edf7ae58183cbe3",
  "mteb_dataset_name": "STS15",
  "mteb_version": "1.10.1",
  "test": {
    "cos_sim": {
      "pearson": 0.7613783863052963,
      "spearman": 0.7642044760176411
    },
    "euclidean": {
      "pearson": 0.528737601697395,
      "spearman": 0.5459601016602516
    },
    "evaluation_time": 2.84,
    "manhattan": {
      "pearson": 0.525506790409411,
      "spearman": 0.5383406576924903
    }
  }
}