{
  "dataset_revision": "a0d554a64d88156834ff5ae9920b964011b16384",
  "mteb_dataset_name": "STS12",
  "mteb_version": "1.10.1",
  "test": {
    "cos_sim": {
      "pearson": 0.6383456979818383,
      "spearman": 0.5913155128306642
    },
    "euclidean": {
      "pearson": 0.5661825930808148,
      "spearman": 0.5402779150353518
    },
    "evaluation_time": 3.01,
    "manhattan": {
      "pearson": 0.5792674731606755,
      "spearman": 0.5561398394995002
    }
  }
}