{
  "dataset_revision": "a0d554a64d88156834ff5ae9920b964011b16384",
  "mteb_dataset_name": "STS12",
  "mteb_version": "1.10.1",
  "test": {
    "cos_sim": {
      "pearson": 0.715274104875142,
      "spearman": 0.6247964665873347
    },
    "euclidean": {
      "pearson": 0.574326897170952,
      "spearman": 0.5641259195047982
    },
    "evaluation_time": 3.79,
    "manhattan": {
      "pearson": 0.5786898743440927,
      "spearman": 0.5705878828519158
    }
  }
}