{
  "dataset_revision": "ae752c7c21bf194d8b67fd573edf7ae58183cbe3",
  "mteb_dataset_name": "STS15",
  "mteb_version": "1.10.1",
  "test": {
    "cos_sim": {
      "pearson": 0.6626303628684449,
      "spearman": 0.6868361947457965
    },
    "euclidean": {
      "pearson": 0.5705961345796219,
      "spearman": 0.5845162988257031
    },
    "evaluation_time": 2.87,
    "manhattan": {
      "pearson": 0.5669172635419972,
      "spearman": 0.580255688830378
    }
  }
}