{
  "dataset_revision": "ae752c7c21bf194d8b67fd573edf7ae58183cbe3",
  "mteb_dataset_name": "STS15",
  "mteb_version": "1.10.1",
  "test": {
    "cos_sim": {
      "pearson": 0.6947375546354666,
      "spearman": 0.7068112120632523
    },
    "euclidean": {
      "pearson": 0.5968536769040323,
      "spearman": 0.6095823850303852
    },
    "evaluation_time": 2.75,
    "manhattan": {
      "pearson": 0.5982818218859537,
      "spearman": 0.6122315532102192
    }
  }
}