{
  "dataset_revision": "20a6d6f312dd54037fe07a32d58e5e168867909d",
  "mteb_dataset_name": "SICK-R",
  "mteb_version": "1.10.1",
  "test": {
    "cos_sim": {
      "pearson": 0.7182223146461633,
      "spearman": 0.6218319379221449
    },
    "euclidean": {
      "pearson": 0.6383338514183783,
      "spearman": 0.5680554485520362
    },
    "evaluation_time": 10.24,
    "manhattan": {
      "pearson": 0.6382027632410192,
      "spearman": 0.568037350218917
    }
  }
}