{
  "dataset_revision": "a0d554a64d88156834ff5ae9920b964011b16384",
  "mteb_dataset_name": "STS12",
  "mteb_version": "1.10.1",
  "test": {
    "cos_sim": {
      "pearson": 0.6302085445022677,
      "spearman": 0.597310986672021
    },
    "euclidean": {
      "pearson": 0.547381676086583,
      "spearman": 0.5480522498443948
    },
    "evaluation_time": 2.98,
    "manhattan": {
      "pearson": 0.5615543706413035,
      "spearman": 0.5637876600905499
    }
  }
}