{
  "dataset_revision": "20a6d6f312dd54037fe07a32d58e5e168867909d",
  "mteb_dataset_name": "SICK-R",
  "mteb_version": "1.10.1",
  "test": {
    "cos_sim": {
      "pearson": 0.7256487947239857,
      "spearman": 0.6201617446948047
    },
    "euclidean": {
      "pearson": 0.639235362626522,
      "spearman": 0.5685920621940701
    },
    "evaluation_time": 8.18,
    "manhattan": {
      "pearson": 0.6388619613559288,
      "spearman": 0.5683747978524567
    }
  }
}