{
  "dataset_revision": "ae752c7c21bf194d8b67fd573edf7ae58183cbe3",
  "mteb_dataset_name": "STS15",
  "mteb_version": "1.10.1",
  "test": {
    "cos_sim": {
      "pearson": 0.6043764557768257,
      "spearman": 0.6480404697104224
    },
    "euclidean": {
      "pearson": 0.5857041093415851,
      "spearman": 0.6032932432850728
    },
    "evaluation_time": 2.76,
    "manhattan": {
      "pearson": 0.5879757209952928,
      "spearman": 0.6046698526437675
    }
  }
}