{
  "dataset_revision": "a0d554a64d88156834ff5ae9920b964011b16384",
  "mteb_dataset_name": "STS12",
  "mteb_version": "1.10.1",
  "test": {
    "cos_sim": {
      "pearson": 0.45211756351872223,
      "spearman": 0.46172868036014997
    },
    "euclidean": {
      "pearson": 0.5203961030968737,
      "spearman": 0.47876690696576607
    },
    "evaluation_time": 5.18,
    "manhattan": {
      "pearson": 0.5650706123326869,
      "spearman": 0.5169776266868756
    }
  }
}