{
  "dataset_revision": "a0d554a64d88156834ff5ae9920b964011b16384",
  "mteb_dataset_name": "STS12",
  "mteb_version": "1.10.1",
  "test": {
    "cos_sim": {
      "pearson": 0.678994765055547,
      "spearman": 0.5886253264657034
    },
    "euclidean": {
      "pearson": 0.5771485498336741,
      "spearman": 0.5593310487677556
    },
    "evaluation_time": 2.98,
    "manhattan": {
      "pearson": 0.5733397489488312,
      "spearman": 0.5587626140682077
    }
  }
}