{
  "dataset_revision": "7e90230a92c190f1bf69ae9002b8cea547a64cca",
  "mteb_dataset_name": "STS13",
  "mteb_version": "1.10.1",
  "test": {
    "cos_sim": {
      "pearson": 0.6934939637423378,
      "spearman": 0.7033543557381788
    },
    "euclidean": {
      "pearson": 0.565798600199961,
      "spearman": 0.5804074629668367
    },
    "evaluation_time": 1.44,
    "manhattan": {
      "pearson": 0.5631075287505685,
      "spearman": 0.5771649913331433
    }
  }
}