{
  "dataset_revision": "6031580fec1f6af667f0bd2da0a551cf4f0b2375",
  "mteb_dataset_name": "STS14",
  "mteb_version": "1.10.1",
  "test": {
    "cos_sim": {
      "pearson": 0.4791825899885557,
      "spearman": 0.4965672021836823
    },
    "euclidean": {
      "pearson": 0.5268326617660398,
      "spearman": 0.5337994609207078
    },
    "evaluation_time": 5.2,
    "manhattan": {
      "pearson": 0.5543837577907785,
      "spearman": 0.5574144716832518
    }
  }
}