{
  "dataset_revision": "ae752c7c21bf194d8b67fd573edf7ae58183cbe3",
  "mteb_dataset_name": "STS15",
  "mteb_version": "1.10.1",
  "test": {
    "cos_sim": {
      "pearson": 0.6756212605854328,
      "spearman": 0.682817993494732
    },
    "euclidean": {
      "pearson": 0.5921216282729812,
      "spearman": 0.6201620705395918
    },
    "evaluation_time": 4.04,
    "manhattan": {
      "pearson": 0.5929346934391759,
      "spearman": 0.621826365873013
    }
  }
}