{
  "dataset_revision": "20a6d6f312dd54037fe07a32d58e5e168867909d",
  "mteb_dataset_name": "SICK-R",
  "mteb_version": "1.10.1",
  "test": {
    "cos_sim": {
      "pearson": 0.6811348117056895,
      "spearman": 0.5856400028682103
    },
    "euclidean": {
      "pearson": 0.636631343457924,
      "spearman": 0.5642993608220499
    },
    "evaluation_time": 7.99,
    "manhattan": {
      "pearson": 0.6355516387321252,
      "spearman": 0.5631184397002557
    }
  }
}