{
  "dataset_revision": "b0fddb56ed78048fa8b90373c8a3cfc37b684831",
  "mteb_dataset_name": "STSBenchmark",
  "mteb_version": "1.10.1",
  "test": {
    "cos_sim": {
      "pearson": 0.65558010410614,
      "spearman": 0.6101731223635378
    },
    "euclidean": {
      "pearson": 0.5443788730586764,
      "spearman": 0.511902267763243
    },
    "evaluation_time": 1.38,
    "manhattan": {
      "pearson": 0.5438683987747822,
      "spearman": 0.512330455172917
    }
  }
}