{
  "dataset_revision": "20a6d6f312dd54037fe07a32d58e5e168867909d",
  "mteb_dataset_name": "SICK-R",
  "mteb_version": "1.10.1",
  "test": {
    "cos_sim": {
      "pearson": 0.6607308808110678,
      "spearman": 0.5676382608507217
    },
    "euclidean": {
      "pearson": 0.6329341341963199,
      "spearman": 0.5598781428802497
    },
    "evaluation_time": 8.81,
    "manhattan": {
      "pearson": 0.6334353218726975,
      "spearman": 0.5606163883098484
    }
  }
}