{
  "dataset_revision": "6031580fec1f6af667f0bd2da0a551cf4f0b2375",
  "mteb_dataset_name": "STS14",
  "mteb_version": "1.10.1",
  "test": {
    "cos_sim": {
      "pearson": 0.6391795056852216,
      "spearman": 0.6217054771765053
    },
    "euclidean": {
      "pearson": 0.5364381493972563,
      "spearman": 0.5470302615748284
    },
    "evaluation_time": 4.41,
    "manhattan": {
      "pearson": 0.5400237166855024,
      "spearman": 0.5515827394449784
    }
  }
}