{
  "dataset_revision": "4d8694f8f0e0100860b497b999b3dbed754a0513",
  "mteb_dataset_name": "STS16",
  "mteb_version": "1.10.1",
  "test": {
    "cos_sim": {
      "pearson": 0.5860664136583849,
      "spearman": 0.6224677794462437
    },
    "euclidean": {
      "pearson": 0.4927339593535352,
      "spearman": 0.5157129558069372
    },
    "evaluation_time": 1.25,
    "manhattan": {
      "pearson": 0.49076864760813,
      "spearman": 0.5140185773162993
    }
  }
}