{
  "dataset_revision": "ae752c7c21bf194d8b67fd573edf7ae58183cbe3",
  "mteb_dataset_name": "STS15",
  "mteb_version": "1.10.1",
  "test": {
    "cos_sim": {
      "pearson": 0.7256041956912728,
      "spearman": 0.7421384371087103
    },
    "euclidean": {
      "pearson": 0.5396008389036391,
      "spearman": 0.5627906882521192
    },
    "evaluation_time": 3.72,
    "manhattan": {
      "pearson": 0.5345087110408406,
      "spearman": 0.5576074841946785
    }
  }
}