{
  "dataset_revision": "a0d554a64d88156834ff5ae9920b964011b16384",
  "mteb_dataset_name": "STS12",
  "mteb_version": "1.10.1",
  "test": {
    "cos_sim": {
      "pearson": 0.5676624427070959,
      "spearman": 0.5293331900541053
    },
    "euclidean": {
      "pearson": 0.5824814980819938,
      "spearman": 0.550019211590633
    },
    "evaluation_time": 3.1,
    "manhattan": {
      "pearson": 0.5825807266205009,
      "spearman": 0.5496828153907807
    }
  }
}