{
  "dataset_revision": "7e90230a92c190f1bf69ae9002b8cea547a64cca",
  "mteb_dataset_name": "STS13",
  "mteb_version": "1.10.1",
  "test": {
    "cos_sim": {
      "pearson": 0.7167587959278918,
      "spearman": 0.7335543043210618
    },
    "euclidean": {
      "pearson": 0.5494377198977277,
      "spearman": 0.5490548924557412
    },
    "evaluation_time": 1.38,
    "manhattan": {
      "pearson": 0.5415562568321981,
      "spearman": 0.5408788479689867
    }
  }
}