{
  "dataset_revision": "ae752c7c21bf194d8b67fd573edf7ae58183cbe3",
  "mteb_dataset_name": "STS15",
  "mteb_version": "1.10.1",
  "test": {
    "cos_sim": {
      "pearson": 0.733525176139007,
      "spearman": 0.7429244567621945
    },
    "euclidean": {
      "pearson": 0.6258008487565401,
      "spearman": 0.6498276751566194
    },
    "evaluation_time": 6.56,
    "manhattan": {
      "pearson": 0.6270334324838426,
      "spearman": 0.6506337490119828
    }
  }
}