{
  "dataset_revision": "4d8694f8f0e0100860b497b999b3dbed754a0513",
  "mteb_dataset_name": "STS16",
  "mteb_version": "1.10.1",
  "test": {
    "cos_sim": {
      "pearson": 0.5704811060382159,
      "spearman": 0.6071403140803426
    },
    "euclidean": {
      "pearson": 0.48608446544327255,
      "spearman": 0.5033326247277554
    },
    "evaluation_time": 1.17,
    "manhattan": {
      "pearson": 0.48726053778639183,
      "spearman": 0.5047415511485569
    }
  }
}