{
  "dataset_revision": "a0d554a64d88156834ff5ae9920b964011b16384",
  "mteb_dataset_name": "STS12",
  "mteb_version": "1.10.1",
  "test": {
    "cos_sim": {
      "pearson": 0.5552567823518452,
      "spearman": 0.5330645619329413
    },
    "euclidean": {
      "pearson": 0.5486156486580106,
      "spearman": 0.5358774014585286
    },
    "evaluation_time": 3.41,
    "manhattan": {
      "pearson": 0.5443480384711554,
      "spearman": 0.5377210262541384
    }
  }
}