{
  "dataset_revision": "ae752c7c21bf194d8b67fd573edf7ae58183cbe3",
  "mteb_dataset_name": "STS15",
  "mteb_version": "1.10.1",
  "test": {
    "cos_sim": {
      "pearson": 0.6940967203257468,
      "spearman": 0.7225839204092543
    },
    "euclidean": {
      "pearson": 0.5772485034331611,
      "spearman": 0.5977295200530891
    },
    "evaluation_time": 2.74,
    "manhattan": {
      "pearson": 0.5766258832248142,
      "spearman": 0.5979782636209205
    }
  }
}