{
  "dataset_revision": "6031580fec1f6af667f0bd2da0a551cf4f0b2375",
  "mteb_dataset_name": "STS14",
  "mteb_version": "1.10.1",
  "test": {
    "cos_sim": {
      "pearson": 0.6609915273149961,
      "spearman": 0.6457003747729794
    },
    "euclidean": {
      "pearson": 0.5380370148172728,
      "spearman": 0.5458056260025378
    },
    "evaluation_time": 3.55,
    "manhattan": {
      "pearson": 0.5369374896896779,
      "spearman": 0.5457189393179516
    }
  }
}