{
  "dataset_revision": "6031580fec1f6af667f0bd2da0a551cf4f0b2375",
  "mteb_dataset_name": "STS14",
  "mteb_version": "1.10.1",
  "test": {
    "cos_sim": {
      "pearson": 0.6350482000972721,
      "spearman": 0.6362652796789714
    },
    "euclidean": {
      "pearson": 0.5249517564982136,
      "spearman": 0.5336579131522209
    },
    "evaluation_time": 8.87,
    "manhattan": {
      "pearson": 0.5213786797412701,
      "spearman": 0.5308520065323061
    }
  }
}