{
  "dataset_revision": "b0fddb56ed78048fa8b90373c8a3cfc37b684831",
  "mteb_dataset_name": "STSBenchmark",
  "mteb_version": "1.10.1",
  "test": {
    "cos_sim": {
      "pearson": 0.6315713903294476,
      "spearman": 0.5883711872618834
    },
    "euclidean": {
      "pearson": 0.5442719851612338,
      "spearman": 0.5123792233331561
    },
    "evaluation_time": 1.41,
    "manhattan": {
      "pearson": 0.5437864281228796,
      "spearman": 0.5127637417152497
    }
  }
}