{
  "dataset_revision": "20a6d6f312dd54037fe07a32d58e5e168867909d",
  "mteb_dataset_name": "SICK-R",
  "mteb_version": "1.10.1",
  "test": {
    "cos_sim": {
      "pearson": 0.605776343517963,
      "spearman": 0.5548884169112219
    },
    "euclidean": {
      "pearson": 0.5617319218414137,
      "spearman": 0.521760922756704
    },
    "evaluation_time": 11.59,
    "manhattan": {
      "pearson": 0.5903526640268704,
      "spearman": 0.5431714360141114
    }
  }
}