{
  "dataset_revision": "ae752c7c21bf194d8b67fd573edf7ae58183cbe3",
  "mteb_dataset_name": "STS15",
  "mteb_version": "1.10.1",
  "test": {
    "cos_sim": {
      "pearson": 0.6666735407001493,
      "spearman": 0.6732957032876776
    },
    "euclidean": {
      "pearson": 0.5593117893933932,
      "spearman": 0.5847967467199919
    },
    "evaluation_time": 8.38,
    "manhattan": {
      "pearson": 0.6024490228323346,
      "spearman": 0.6297171302670159
    }
  }
}