{
  "dataset_revision": "6031580fec1f6af667f0bd2da0a551cf4f0b2375",
  "mteb_dataset_name": "STS14",
  "mteb_version": "1.10.1",
  "test": {
    "cos_sim": {
      "pearson": 0.46771572248908894,
      "spearman": 0.5061112020380056
    },
    "euclidean": {
      "pearson": 0.5329798587147473,
      "spearman": 0.5380031131293057
    },
    "evaluation_time": 3.78,
    "manhattan": {
      "pearson": 0.5382704252159238,
      "spearman": 0.5422942334744127
    }
  }
}