{
  "dataset_revision": "7e90230a92c190f1bf69ae9002b8cea547a64cca",
  "mteb_dataset_name": "STS13",
  "mteb_version": "1.10.1",
  "test": {
    "cos_sim": {
      "pearson": 0.5925061619718098,
      "spearman": 0.6113574744418225
    },
    "euclidean": {
      "pearson": 0.5520498103387125,
      "spearman": 0.5458032575972049
    },
    "evaluation_time": 1.76,
    "manhattan": {
      "pearson": 0.5538537229763918,
      "spearman": 0.5466631413432755
    }
  }
}