{
  "dataset_revision": "4d8694f8f0e0100860b497b999b3dbed754a0513",
  "mteb_dataset_name": "STS16",
  "mteb_version": "1.10.1",
  "test": {
    "cos_sim": {
      "pearson": 0.6332665595530552,
      "spearman": 0.6556541619568488
    },
    "euclidean": {
      "pearson": 0.4927339549684696,
      "spearman": 0.5157126911166992
    },
    "evaluation_time": 1.29,
    "manhattan": {
      "pearson": 0.49076864208008003,
      "spearman": 0.5140183133878213
    }
  }
}