{
  "dataset_revision": "b0fddb56ed78048fa8b90373c8a3cfc37b684831",
  "mteb_dataset_name": "STSBenchmark",
  "mteb_version": "1.10.1",
  "test": {
    "cos_sim": {
      "pearson": 0.6094751841911898,
      "spearman": 0.6026732717227489
    },
    "euclidean": {
      "pearson": 0.5283291838488898,
      "spearman": 0.5162415035946989
    },
    "evaluation_time": 1.97,
    "manhattan": {
      "pearson": 0.5311834542423486,
      "spearman": 0.5197760111334656
    }
  }
}