{
  "dataset_revision": "6031580fec1f6af667f0bd2da0a551cf4f0b2375",
  "mteb_dataset_name": "STS14",
  "mteb_version": "1.10.1",
  "test": {
    "cos_sim": {
      "pearson": 0.5528475895222282,
      "spearman": 0.5525840880066821
    },
    "euclidean": {
      "pearson": 0.5145388983399913,
      "spearman": 0.5215894388757164
    },
    "evaluation_time": 4.92,
    "manhattan": {
      "pearson": 0.5412123864821026,
      "spearman": 0.5448461945241874
    }
  }
}