{
  "dataset_revision": "b0fddb56ed78048fa8b90373c8a3cfc37b684831",
  "mteb_dataset_name": "STSBenchmark",
  "mteb_version": "1.10.1",
  "test": {
    "cos_sim": {
      "pearson": 0.6483095677842219,
      "spearman": 0.6154703473210575
    },
    "euclidean": {
      "pearson": 0.5187916802058012,
      "spearman": 0.5001005634616765
    },
    "evaluation_time": 1.78,
    "manhattan": {
      "pearson": 0.5129686369249868,
      "spearman": 0.49712726059651036
    }
  }
}