{
  "dataset_revision": "4d8694f8f0e0100860b497b999b3dbed754a0513",
  "mteb_dataset_name": "STS16",
  "mteb_version": "1.10.1",
  "test": {
    "cos_sim": {
      "pearson": 0.6651787616849446,
      "spearman": 0.6824633028662158
    },
    "euclidean": {
      "pearson": 0.4783146490949619,
      "spearman": 0.4986494974430926
    },
    "evaluation_time": 1.21,
    "manhattan": {
      "pearson": 0.48684314751729185,
      "spearman": 0.5049292670383172
    }
  }
}