{
  "dataset_revision": "a0d554a64d88156834ff5ae9920b964011b16384",
  "mteb_dataset_name": "STS12",
  "mteb_version": "1.10.1",
  "test": {
    "cos_sim": {
      "pearson": 0.5527062018714983,
      "spearman": 0.5646139197664087
    },
    "euclidean": {
      "pearson": 0.5594825439187192,
      "spearman": 0.5486928124764652
    },
    "evaluation_time": 3.57,
    "manhattan": {
      "pearson": 0.5632654517995932,
      "spearman": 0.5485762460956694
    }
  }
}