{
  "dataset_revision": "a0d554a64d88156834ff5ae9920b964011b16384",
  "mteb_dataset_name": "STS12",
  "mteb_version": "1.10.1",
  "test": {
    "cos_sim": {
      "pearson": 0.7161667852741194,
      "spearman": 0.6162600431021334
    },
    "euclidean": {
      "pearson": 0.5551629346389003,
      "spearman": 0.5744151733293346
    },
    "evaluation_time": 3.04,
    "manhattan": {
      "pearson": 0.5532789956960245,
      "spearman": 0.5737090498652694
    }
  }
}