{
  "dataset_revision": "6031580fec1f6af667f0bd2da0a551cf4f0b2375",
  "mteb_dataset_name": "STS14",
  "mteb_version": "1.10.1",
  "test": {
    "cos_sim": {
      "pearson": 0.46053810175640136,
      "spearman": 0.4730423631226108
    },
    "euclidean": {
      "pearson": 0.4931848168100948,
      "spearman": 0.5018769799499863
    },
    "evaluation_time": 5.27,
    "manhattan": {
      "pearson": 0.49959205064285334,
      "spearman": 0.506780397297751
    }
  }
}