{
  "dataset_revision": "a0d554a64d88156834ff5ae9920b964011b16384",
  "mteb_dataset_name": "STS12",
  "mteb_version": "1.10.1",
  "test": {
    "cos_sim": {
      "pearson": 0.6877239662018195,
      "spearman": 0.6086704969739658
    },
    "euclidean": {
      "pearson": 0.6374318483934741,
      "spearman": 0.5720485985459002
    },
    "evaluation_time": 4.59,
    "manhattan": {
      "pearson": 0.6388946533843006,
      "spearman": 0.5738017136508685
    }
  }
}