{
  "dataset_revision": "b0fddb56ed78048fa8b90373c8a3cfc37b684831",
  "mteb_dataset_name": "STSBenchmark",
  "mteb_version": "1.10.1",
  "test": {
    "cos_sim": {
      "pearson": 0.5505208358641897,
      "spearman": 0.5464841289759776
    },
    "euclidean": {
      "pearson": 0.5157264790412771,
      "spearman": 0.5069853179682703
    },
    "evaluation_time": 1.3,
    "manhattan": {
      "pearson": 0.5225346035470979,
      "spearman": 0.5154077289780922
    }
  }
}