{
  "dataset_revision": "7e90230a92c190f1bf69ae9002b8cea547a64cca",
  "mteb_dataset_name": "STS13",
  "mteb_version": "1.10.1",
  "test": {
    "cos_sim": {
      "pearson": 0.6952520671595364,
      "spearman": 0.7033292098489297
    },
    "euclidean": {
      "pearson": 0.5425987427477993,
      "spearman": 0.5562124940528202
    },
    "evaluation_time": 1.38,
    "manhattan": {
      "pearson": 0.5438638353854286,
      "spearman": 0.558013489346476
    }
  }
}