{
  "dataset_revision": "4d8694f8f0e0100860b497b999b3dbed754a0513",
  "mteb_dataset_name": "STS16",
  "mteb_version": "1.10.1",
  "test": {
    "cos_sim": {
      "pearson": 0.7611162584315226,
      "spearman": 0.7627883380011702
    },
    "euclidean": {
      "pearson": 0.4664697545847647,
      "spearman": 0.4912477995441153
    },
    "evaluation_time": 1.18,
    "manhattan": {
      "pearson": 0.46786176449109923,
      "spearman": 0.49131941043652294
    }
  }
}