{
  "dataset_revision": "ae752c7c21bf194d8b67fd573edf7ae58183cbe3",
  "mteb_dataset_name": "STS15",
  "mteb_version": "1.10.1",
  "test": {
    "cos_sim": {
      "pearson": 0.7512815145516861,
      "spearman": 0.7561721564423606
    },
    "euclidean": {
      "pearson": 0.5242504234801286,
      "spearman": 0.5403634225397431
    },
    "evaluation_time": 3.7,
    "manhattan": {
      "pearson": 0.5239981330890296,
      "spearman": 0.541136839295332
    }
  }
}