{
  "dataset_revision": "a0d554a64d88156834ff5ae9920b964011b16384",
  "mteb_dataset_name": "STS12",
  "mteb_version": "1.10.1",
  "test": {
    "cos_sim": {
      "pearson": 0.4787202081542038,
      "spearman": 0.4712060172988052
    },
    "euclidean": {
      "pearson": 0.5076926363369884,
      "spearman": 0.4905411638474528
    },
    "evaluation_time": 3.79,
    "manhattan": {
      "pearson": 0.5269525831039209,
      "spearman": 0.5109745643424525
    }
  }
}