{
  "dataset_revision": "b0fddb56ed78048fa8b90373c8a3cfc37b684831",
  "mteb_dataset_name": "STSBenchmark",
  "mteb_version": "1.10.1",
  "test": {
    "cos_sim": {
      "pearson": 0.7226498067425259,
      "spearman": 0.6955211085529508
    },
    "euclidean": {
      "pearson": 0.5504265844849505,
      "spearman": 0.5367616228165832
    },
    "evaluation_time": 1.29,
    "manhattan": {
      "pearson": 0.5482604126796112,
      "spearman": 0.5353981706433835
    }
  }
}