{
  "dataset_revision": "a0d554a64d88156834ff5ae9920b964011b16384",
  "mteb_dataset_name": "STS12",
  "mteb_version": "1.10.1",
  "test": {
    "cos_sim": {
      "pearson": 0.4988431207978355,
      "spearman": 0.5130822864232022
    },
    "euclidean": {
      "pearson": 0.5461058946132125,
      "spearman": 0.5085791657378137
    },
    "evaluation_time": 4.64,
    "manhattan": {
      "pearson": 0.5841951134829041,
      "spearman": 0.5360056839364454
    }
  }
}