{
  "dataset_revision": "20a6d6f312dd54037fe07a32d58e5e168867909d",
  "mteb_dataset_name": "SICK-R",
  "mteb_version": "1.10.1",
  "test": {
    "cos_sim": {
      "pearson": 0.5982063503615153,
      "spearman": 0.5509430196366994
    },
    "euclidean": {
      "pearson": 0.5556084703936358,
      "spearman": 0.519464650948948
    },
    "evaluation_time": 11.27,
    "manhattan": {
      "pearson": 0.5844685366879127,
      "spearman": 0.5411744567992839
    }
  }
}