{
  "dataset_revision": "20a6d6f312dd54037fe07a32d58e5e168867909d",
  "mteb_dataset_name": "SICK-R",
  "mteb_version": "1.10.1",
  "test": {
    "cos_sim": {
      "pearson": 0.654540506844189,
      "spearman": 0.6007150111312316
    },
    "euclidean": {
      "pearson": 0.5302092337107991,
      "spearman": 0.48930940300475295
    },
    "evaluation_time": 8.09,
    "manhattan": {
      "pearson": 0.5315633726217941,
      "spearman": 0.48828748992543114
    }
  }
}