{
  "dataset_revision": "20a6d6f312dd54037fe07a32d58e5e168867909d",
  "mteb_dataset_name": "SICK-R",
  "mteb_version": "1.10.1",
  "test": {
    "cos_sim": {
      "pearson": 0.7295439619889615,
      "spearman": 0.6252239678247951
    },
    "euclidean": {
      "pearson": 0.6282546743944869,
      "spearman": 0.5578685776115115
    },
    "evaluation_time": 8.24,
    "manhattan": {
      "pearson": 0.6290869275514073,
      "spearman": 0.558222350458286
    }
  }
}