{
  "dataset_revision": "ae752c7c21bf194d8b67fd573edf7ae58183cbe3",
  "mteb_dataset_name": "STS15",
  "mteb_version": "1.10.1",
  "test": {
    "cos_sim": {
      "pearson": 0.6915075865479976,
      "spearman": 0.7198627247305951
    },
    "euclidean": {
      "pearson": 0.5818962223893253,
      "spearman": 0.6015630528686688
    },
    "evaluation_time": 2.74,
    "manhattan": {
      "pearson": 0.5813604957126398,
      "spearman": 0.6017813434179778
    }
  }
}