{
  "dataset_revision": "20a6d6f312dd54037fe07a32d58e5e168867909d",
  "mteb_dataset_name": "SICK-R",
  "mteb_version": "1.10.1",
  "test": {
    "cos_sim": {
      "pearson": 0.7236607622930434,
      "spearman": 0.6176738565793216
    },
    "euclidean": {
      "pearson": 0.638333850719282,
      "spearman": 0.5680423096995675
    },
    "evaluation_time": 9.02,
    "manhattan": {
      "pearson": 0.6382027640665887,
      "spearman": 0.5680219897662583
    }
  }
}