{
  "dataset_revision": "ae752c7c21bf194d8b67fd573edf7ae58183cbe3",
  "mteb_dataset_name": "STS15",
  "mteb_version": "1.10.1",
  "test": {
    "cos_sim": {
      "pearson": 0.5859172888459917,
      "spearman": 0.6203067537759709
    },
    "euclidean": {
      "pearson": 0.5647837977548245,
      "spearman": 0.5929276050752312
    },
    "evaluation_time": 4.04,
    "manhattan": {
      "pearson": 0.5992101683856657,
      "spearman": 0.6268204172296477
    }
  }
}