{
  "dataset_revision": "20a6d6f312dd54037fe07a32d58e5e168867909d",
  "mteb_dataset_name": "SICK-R",
  "mteb_version": "1.10.1",
  "test": {
    "cos_sim": {
      "pearson": 0.727839667373625,
      "spearman": 0.6104575067998191
    },
    "euclidean": {
      "pearson": 0.6242659441462427,
      "spearman": 0.5491680080348921
    },
    "evaluation_time": 11.32,
    "manhattan": {
      "pearson": 0.624864605793394,
      "spearman": 0.549766052367401
    }
  }
}