{
  "dataset_revision": "20a6d6f312dd54037fe07a32d58e5e168867909d",
  "mteb_dataset_name": "SICK-R",
  "mteb_version": "1.10.1",
  "test": {
    "cos_sim": {
      "pearson": 0.656004793372539,
      "spearman": 0.582257154306634
    },
    "euclidean": {
      "pearson": 0.6206672781885532,
      "spearman": 0.5591385982039416
    },
    "evaluation_time": 8.09,
    "manhattan": {
      "pearson": 0.6208128381412021,
      "spearman": 0.5594903574992054
    }
  }
}