{
  "dataset_revision": "b0fddb56ed78048fa8b90373c8a3cfc37b684831",
  "mteb_dataset_name": "STSBenchmark",
  "mteb_version": "1.10.1",
  "test": {
    "cos_sim": {
      "pearson": 0.7034174336105253,
      "spearman": 0.6650434735539053
    },
    "euclidean": {
      "pearson": 0.5489027575651201,
      "spearman": 0.5153630829335906
    },
    "evaluation_time": 1.41,
    "manhattan": {
      "pearson": 0.547682752461596,
      "spearman": 0.5142713331105642
    }
  }
}