{
  "dataset_revision": "4d8694f8f0e0100860b497b999b3dbed754a0513",
  "mteb_dataset_name": "STS16",
  "mteb_version": "1.10.1",
  "test": {
    "cos_sim": {
      "pearson": 0.6907848172000723,
      "spearman": 0.7022959651246345
    },
    "euclidean": {
      "pearson": 0.4943779687677503,
      "spearman": 0.5134980012191125
    },
    "evaluation_time": 2.79,
    "manhattan": {
      "pearson": 0.49654800600497484,
      "spearman": 0.5190625302206461
    }
  }
}