{
  "dataset_revision": "20a6d6f312dd54037fe07a32d58e5e168867909d",
  "mteb_dataset_name": "SICK-R",
  "mteb_version": "1.10.1",
  "test": {
    "cos_sim": {
      "pearson": 0.5957877512030673,
      "spearman": 0.5595018390303312
    },
    "euclidean": {
      "pearson": 0.5545265454324779,
      "spearman": 0.5216487439566677
    },
    "evaluation_time": 25.63,
    "manhattan": {
      "pearson": 0.6066683504336847,
      "spearman": 0.5654396248465039
    }
  }
}