{
  "dataset_revision": "20a6d6f312dd54037fe07a32d58e5e168867909d",
  "mteb_dataset_name": "SICK-R",
  "mteb_version": "1.10.1",
  "test": {
    "cos_sim": {
      "pearson": 0.723532586517883,
      "spearman": 0.634104038888111
    },
    "euclidean": {
      "pearson": 0.6428345269280981,
      "spearman": 0.5780513515277547
    },
    "evaluation_time": 8.06,
    "manhattan": {
      "pearson": 0.6440570909241967,
      "spearman": 0.5790726403798667
    }
  }
}