{
  "dataset_revision": "ae752c7c21bf194d8b67fd573edf7ae58183cbe3",
  "mteb_dataset_name": "STS15",
  "mteb_version": "1.10.1",
  "test": {
    "cos_sim": {
      "pearson": 0.5562573586390333,
      "spearman": 0.6198609560203924
    },
    "euclidean": {
      "pearson": 0.564783799726556,
      "spearman": 0.5929276050752312
    },
    "evaluation_time": 4.17,
    "manhattan": {
      "pearson": 0.5992101675820939,
      "spearman": 0.6268204172296477
    }
  }
}