{
  "dataset_revision": "7e90230a92c190f1bf69ae9002b8cea547a64cca",
  "mteb_dataset_name": "STS13",
  "mteb_version": "1.10.1",
  "test": {
    "cos_sim": {
      "pearson": 0.6688553439048409,
      "spearman": 0.6909377174658866
    },
    "euclidean": {
      "pearson": 0.551804178934991,
      "spearman": 0.5506680095609394
    },
    "evaluation_time": 1.37,
    "manhattan": {
      "pearson": 0.5444697680072039,
      "spearman": 0.5426123568260132
    }
  }
}