{
  "dataset_revision": "ae752c7c21bf194d8b67fd573edf7ae58183cbe3",
  "mteb_dataset_name": "STS15",
  "mteb_version": "1.10.1",
  "test": {
    "cos_sim": {
      "pearson": 0.5567339570813639,
      "spearman": 0.6274977067059463
    },
    "euclidean": {
      "pearson": 0.5669986518517557,
      "spearman": 0.5976805954321041
    },
    "evaluation_time": 4.99,
    "manhattan": {
      "pearson": 0.5999464580015654,
      "spearman": 0.6285127756402232
    }
  }
}