{
  "dataset_revision": "20a6d6f312dd54037fe07a32d58e5e168867909d",
  "mteb_dataset_name": "SICK-R",
  "mteb_version": "1.10.1",
  "test": {
    "cos_sim": {
      "pearson": 0.6045190802060496,
      "spearman": 0.5486127926198817
    },
    "euclidean": {
      "pearson": 0.5594344225839147,
      "spearman": 0.5171263463750536
    },
    "evaluation_time": 11.49,
    "manhattan": {
      "pearson": 0.5866899052177946,
      "spearman": 0.5377356299121557
    }
  }
}