{
  "dataset_revision": "b0fddb56ed78048fa8b90373c8a3cfc37b684831",
  "mteb_dataset_name": "STSBenchmark",
  "mteb_version": "1.10.1",
  "test": {
    "cos_sim": {
      "pearson": 0.7034174910331862,
      "spearman": 0.6650434735539053
    },
    "euclidean": {
      "pearson": 0.5489026466201932,
      "spearman": 0.5153627834394428
    },
    "evaluation_time": 1.37,
    "manhattan": {
      "pearson": 0.5476895625154613,
      "spearman": 0.5142651544626127
    }
  }
}