{
  "dataset_revision": "50e79c314a7603ebc92236b66a0973d51a00ed8c",
  "mteb_dataset_name": "JSTS",
  "mteb_version": "1.10.1",
  "validation": {
    "cos_sim": {
      "pearson": 0.6722946716861535,
      "spearman": 0.6985539383790779
    },
    "euclidean": {
      "pearson": 0.5135169002298056,
      "spearman": 0.5055544562019315
    },
    "evaluation_time": 0.59,
    "manhattan": {
      "pearson": 0.5161263026984612,
      "spearman": 0.506376512887418
    }
  }
}