{
  "dataset_revision": "ae752c7c21bf194d8b67fd573edf7ae58183cbe3",
  "mteb_dataset_name": "STS15",
  "mteb_version": "1.10.1",
  "test": {
    "cos_sim": {
      "pearson": 0.5990872979677672,
      "spearman": 0.6227479483303977
    },
    "euclidean": {
      "pearson": 0.5669986508436636,
      "spearman": 0.597680615317847
    },
    "evaluation_time": 4.18,
    "manhattan": {
      "pearson": 0.5999464582850227,
      "spearman": 0.6285127756402232
    }
  }
}