{
  "dataset_revision": "ae752c7c21bf194d8b67fd573edf7ae58183cbe3",
  "mteb_dataset_name": "STS15",
  "mteb_version": "1.10.1",
  "test": {
    "cos_sim": {
      "pearson": 0.6957327201281042,
      "spearman": 0.7010117180519918
    },
    "euclidean": {
      "pearson": 0.6006374108821153,
      "spearman": 0.6079253647135031
    },
    "evaluation_time": 4.55,
    "manhattan": {
      "pearson": 0.609786839304712,
      "spearman": 0.6182655645349034
    }
  }
}