{
  "dataset_revision": "ae752c7c21bf194d8b67fd573edf7ae58183cbe3",
  "mteb_dataset_name": "STS15",
  "mteb_version": "1.10.1",
  "test": {
    "cos_sim": {
      "pearson": 0.7047982381904703,
      "spearman": 0.7193091767675055
    },
    "euclidean": {
      "pearson": 0.5916331417483194,
      "spearman": 0.6048900930189139
    },
    "evaluation_time": 2.81,
    "manhattan": {
      "pearson": 0.5910187103938195,
      "spearman": 0.6036367404612679
    }
  }
}