{
  "dataset_revision": "6031580fec1f6af667f0bd2da0a551cf4f0b2375",
  "mteb_dataset_name": "STS14",
  "mteb_version": "1.10.1",
  "test": {
    "cos_sim": {
      "pearson": 0.5742470856217355,
      "spearman": 0.5772902493489093
    },
    "euclidean": {
      "pearson": 0.5334491871483694,
      "spearman": 0.5392147145680906
    },
    "evaluation_time": 3.53,
    "manhattan": {
      "pearson": 0.5391699971042488,
      "spearman": 0.5449292366848015
    }
  }
}