{"model_name": "GoogleNews-vectors-negative300", "whitening_name": "uniform_whitening", "pooling_mode": "whitening", "sym1": 0.7482596635818481, "sym2": 0.8929224610328674, "sym1_uniform": 0.9999999403953552, "sym2_uniform": 1.0, "cosine": 0.9993859781534411, "iso_score": 0.9999999994213021}