{
  "dataset_revision": "20a6d6f312dd54037fe07a32d58e5e168867909d",
  "mteb_dataset_name": "SICK-R",
  "mteb_version": "1.10.1",
  "test": {
    "cos_sim": {
      "pearson": 0.5717955690712414,
      "spearman": 0.5407149158254461
    },
    "euclidean": {
      "pearson": 0.5335311052117513,
      "spearman": 0.5041194340294314
    },
    "evaluation_time": 21.67,
    "manhattan": {
      "pearson": 0.5973881665074988,
      "spearman": 0.5583917984571796
    }
  }
}