{
  "dataset_revision": "6031580fec1f6af667f0bd2da0a551cf4f0b2375",
  "mteb_dataset_name": "STS14",
  "mteb_version": "1.10.1",
  "test": {
    "cos_sim": {
      "pearson": 0.6950232057852522,
      "spearman": 0.6648741449275618
    },
    "euclidean": {
      "pearson": 0.5662435680122742,
      "spearman": 0.5788981888818594
    },
    "evaluation_time": 3.61,
    "manhattan": {
      "pearson": 0.5646760666601568,
      "spearman": 0.5767622429792422
    }
  }
}