{
  "dataset_revision": "20a6d6f312dd54037fe07a32d58e5e168867909d",
  "mteb_dataset_name": "SICK-R",
  "mteb_version": "1.10.1",
  "test": {
    "cos_sim": {
      "pearson": 0.7322292525219356,
      "spearman": 0.6123526868836056
    },
    "euclidean": {
      "pearson": 0.6426746013445941,
      "spearman": 0.5669285269443346
    },
    "evaluation_time": 10.76,
    "manhattan": {
      "pearson": 0.6424709970070572,
      "spearman": 0.5659184876169628
    }
  }
}