{"model_name": "fasttext-en-torch", "whitening_name": "zipfian_whitening", "pooling_mode": "whitening", "sym1": 0.9999997615814209, "sym2": 1.0000001192092896, "sym1_uniform": 0.8860383629798889, "sym2_uniform": 0.9738513827323914, "cosine": 0.9878650745376945, "iso_score": 0.7756448558871764}