{
  "dataset_revision": "a0d554a64d88156834ff5ae9920b964011b16384",
  "mteb_dataset_name": "STS12",
  "mteb_version": "1.10.1",
  "test": {
    "cos_sim": {
      "pearson": 0.7082668798257876,
      "spearman": 0.5936536924485556
    },
    "euclidean": {
      "pearson": 0.5774199484177003,
      "spearman": 0.5467281525248407
    },
    "evaluation_time": 3.13,
    "manhattan": {
      "pearson": 0.5761205784172397,
      "spearman": 0.545980816764709
    }
  }
}