{"model_name": "GoogleNews-vectors-negative300", "whitening_name": "sif", "pooling_mode": "sif_w_component_removal", "sym1": 0.7338680028915405, "sym2": 0.9385654926300049, "sym1_uniform": 0.716069221496582, "sym2_uniform": 0.9509538412094116, "cosine": 0.9119653776288033, "iso_score": 0.5108286834293607}