{
  "dataset_revision": "20a6d6f312dd54037fe07a32d58e5e168867909d",
  "mteb_dataset_name": "SICK-R",
  "mteb_version": "1.10.1",
  "test": {
    "cos_sim": {
      "pearson": 0.6969387117885608,
      "spearman": 0.6075342851649742
    },
    "euclidean": {
      "pearson": 0.6340389940978527,
      "spearman": 0.569261335566552
    },
    "evaluation_time": 7.93,
    "manhattan": {
      "pearson": 0.6411221452175154,
      "spearman": 0.5732055490104386
    }
  }
}