{
  "dataset_revision": "20a6d6f312dd54037fe07a32d58e5e168867909d",
  "mteb_dataset_name": "SICK-R",
  "mteb_version": "1.10.1",
  "test": {
    "cos_sim": {
      "pearson": 0.7050854897382377,
      "spearman": 0.592237145364571
    },
    "euclidean": {
      "pearson": 0.6041698667104884,
      "spearman": 0.5380673127525611
    },
    "evaluation_time": 9.67,
    "manhattan": {
      "pearson": 0.6045436067898882,
      "spearman": 0.5382250555871829
    }
  }
}