{"model_name": "GoogleNews-vectors-negative300", "whitening_name": "zipfian_whitening", "pooling_mode": "whitening", "sym1": 0.9999998807907104, "sym2": 1.0, "sym1_uniform": 0.8981719613075256, "sym2_uniform": 0.9744015336036682, "cosine": 0.9867526786401868, "iso_score": 0.7698573426297947}