{
  "dataset_revision": "7e90230a92c190f1bf69ae9002b8cea547a64cca",
  "mteb_dataset_name": "STS13",
  "mteb_version": "1.10.1",
  "test": {
    "cos_sim": {
      "pearson": 0.4772165429022505,
      "spearman": 0.5148917273574696
    },
    "euclidean": {
      "pearson": 0.49562274283699714,
      "spearman": 0.5083154993736116
    },
    "evaluation_time": 2.19,
    "manhattan": {
      "pearson": 0.5171062143419835,
      "spearman": 0.525835026496737
    }
  }
}