{
  "dataset_revision": "50e79c314a7603ebc92236b66a0973d51a00ed8c",
  "mteb_dataset_name": "JSTS",
  "mteb_version": "1.10.1",
  "validation": {
    "cos_sim": {
      "pearson": 0.6310169237596703,
      "spearman": 0.6174975712835254
    },
    "euclidean": {
      "pearson": 0.5906633828398378,
      "spearman": 0.5910505084097583
    },
    "evaluation_time": 0.6,
    "manhattan": {
      "pearson": 0.5907823717923993,
      "spearman": 0.5918781448077387
    }
  }
}