{
  "dataset_revision": "20a6d6f312dd54037fe07a32d58e5e168867909d",
  "mteb_dataset_name": "SICK-R",
  "mteb_version": "1.10.1",
  "test": {
    "cos_sim": {
      "pearson": 0.5950558157270562,
      "spearman": 0.5352954322445013
    },
    "euclidean": {
      "pearson": 0.5594344230886429,
      "spearman": 0.5171243712802193
    },
    "evaluation_time": 11.95,
    "manhattan": {
      "pearson": 0.5866899060406093,
      "spearman": 0.5377343388685891
    }
  }
}