{
  "dataset_revision": "a0d554a64d88156834ff5ae9920b964011b16384",
  "mteb_dataset_name": "STS12",
  "mteb_version": "1.10.1",
  "test": {
    "cos_sim": {
      "pearson": 0.41732888757030545,
      "spearman": 0.4314590374273756
    },
    "euclidean": {
      "pearson": 0.546105896421594,
      "spearman": 0.5085792341888675
    },
    "evaluation_time": 4.49,
    "manhattan": {
      "pearson": 0.5841951102900427,
      "spearman": 0.53600588690058
    }
  }
}