{
  "dataset_revision": "7e90230a92c190f1bf69ae9002b8cea547a64cca",
  "mteb_dataset_name": "STS13",
  "mteb_version": "1.10.1",
  "test": {
    "cos_sim": {
      "pearson": 0.708661910950568,
      "spearman": 0.7195677587969406
    },
    "euclidean": {
      "pearson": 0.5510155551839413,
      "spearman": 0.5686577518064031
    },
    "evaluation_time": 1.91,
    "manhattan": {
      "pearson": 0.5484556514888103,
      "spearman": 0.565794792635891
    }
  }
}