{
  "dataset_revision": "a0d554a64d88156834ff5ae9920b964011b16384",
  "mteb_dataset_name": "STS12",
  "mteb_version": "1.10.1",
  "test": {
    "cos_sim": {
      "pearson": 0.6391971018305198,
      "spearman": 0.5502448376359361
    },
    "euclidean": {
      "pearson": 0.6072079043584626,
      "spearman": 0.5530987873014581
    },
    "evaluation_time": 3.08,
    "manhattan": {
      "pearson": 0.6058751125231004,
      "spearman": 0.5532642782902862
    }
  }
}