{
  "dataset_revision": "6031580fec1f6af667f0bd2da0a551cf4f0b2375",
  "mteb_dataset_name": "STS14",
  "mteb_version": "1.10.1",
  "test": {
    "cos_sim": {
      "pearson": 0.6644414482682397,
      "spearman": 0.6460411801950436
    },
    "euclidean": {
      "pearson": 0.5538339048809133,
      "spearman": 0.5605728849528514
    },
    "evaluation_time": 4.45,
    "manhattan": {
      "pearson": 0.5540779097411535,
      "spearman": 0.5602515893899623
    }
  }
}